Coordenada_X,Coordenada_Y,Equipo
2.3825856793343854,2.9674253849745047,0.0
3.305657645317656,3.236131420669342,0.0
1.0014051011756908,3.208187923193571,0.0
2.007454689264331,3.608679684035312,0.0
1.323866040881842,2.1817548714268025,0.0
2.874939138568184,1.892550333185505,0.0
4.222776597371274,4.293949682674036,0.0
3.2342426157709148,3.9636675354542206,0.0
3.5336186529648312,3.5752540692398793,0.0
2.791143696648581,3.065045370875638,0.0
3.0102702158699732,2.096885817287362,0.0
1.3863438353742108,3.4152326542382596,0.0
3.947937777625862,2.1789586810999735,0.0
3.4592815898807454,3.93135407929555,0.0
3.7045663623010516,1.8686151889608678,0.0
3.309897784945675,3.000352285462692,0.0
2.587315337314336,3.58191221383774,0.0
3.4615822002109637,3.3755070937565312,0.0
2.732386922933068,3.8648946491017244,0.0
2.9265421585029645,2.1606101189454625,0.0
4.020711282788066,3.5422051948309337,0.0
3.907831447857698,2.712637846158989,0.0
2.5701710507359463,3.1311025629016815,0.0
3.339266452759871,1.319400343713257,0.0
3.9694481647196627,3.9493728209258334,0.0
1.6743654550316338,2.100091700628704,0.0
3.10328687397394,3.285049842411632,0.0
3.10450530893288,4.214537835123149,0.0
1.4824118515117317,4.98880441316288,0.0
2.1354887587625218,3.695073112872623,0.0
1.8977790561728403,3.5041185326017557,0.0
2.884021861621039,3.7800415890600343,0.0
3.1923910009645007,2.5604282217542966,0.0
1.7240033499430956,3.0034941009989473,0.0
2.3554978180150354,3.776411883860553,0.0
2.82769549143121,2.808660098030477,0.0
4.654545821564853,1.306788808044313,0.0
2.4920772658640242,4.115312038906152,0.0
2.9485415975921003,3.6400077948532896,0.0
3.285157576133657,1.9606428389329973,0.0
4.563413450510373,1.9496208904004393,0.0
3.138581188273699,3.2930647111399334,0.0
4.603070726215272,6.239830532109192,0.0
1.6396107434125584,3.0534488544967138,0.0
3.650750839938202,2.4888238171684174,0.0
2.273767307631273,1.3725341007224012,0.0
2.7761729211990254,3.323140526725542,0.0
2.599866015311121,3.6081817469377255,0.0
2.035941162175222,2.6863022875412073,0.0
3.99033718692432,2.853276383549955,0.0
2.1062645946154763,2.7300704499562642,0.0
2.4127264082077953,2.099656040392327,0.0
2.787979383333916,2.1300793306181802,0.0
2.392726318812191,0.523174203989162,0.0
3.2623258222580196,2.0300891128447045,0.0
1.2993388098396612,3.3541995701304423,0.0
2.1854208730640337,2.150677765202955,0.0
2.315707412519433,3.378368157461291,0.0
2.2199380158096114,1.454860956315861,0.0
4.237117266697843,3.3356272567159797,0.0
2.60679000103754,2.4480553283229574,0.0
2.560725177067258,2.409652784593196,0.0
3.1584787108794767,4.177080275072992,0.0
3.916155309221976,0.8929760670834122,0.0
2.4165952482182833,3.4970874089502013,0.0
3.2274996881090345,3.710797532127189,0.0
1.847444232978527,2.711530548298565,0.0
3.287979971979662,1.7265071216536438,0.0
2.9631334714487796,3.062216150308534,0.0
2.052110655497242,2.5843874557689053,0.0
1.4502889395231908,3.9304976803795024,0.0
4.07388079187589,3.7826324472842106,0.0
3.822072013547921,2.9999980063233123,0.0
3.4752666375434504,2.038078733366834,0.0
4.164024591146882,2.891356145737358,0.0
3.4832160198580335,3.1321598529326766,0.0
2.155747322518593,2.878256251670746,0.0
3.1789813617880496,2.783347231375737,0.0
4.371672349781564,2.4529541766890697,0.0
2.5142309115970276,1.8607326650756708,0.0
2.730173276047706,2.787234916743212,0.0
3.3450557294498213,3.1216822313169628,0.0
4.362019310314483,3.069627208443885,0.0
3.605800667612745,2.9600787226549223,0.0
2.230991022908092,1.2828996240776556,0.0
3.0963312940198495,2.2854548521972506,0.0
3.092526946003358,4.073576378321755,0.0
3.586043949235722,3.630275728226211,0.0
1.760891401658684,2.8553945731692654,0.0
1.7877989761525177,3.0631013502616695,0.0
2.9030744947434743,1.9951126497590488,0.0
2.98195730102196,2.0349570167361573,0.0
2.236140668972768,2.37472478292679,0.0
3.065662475282584,2.7161846511897503,0.0
3.021349509677269,2.5153130412729605,0.0
4.650950928117155,3.1230335695398144,0.0
2.6432927629332736,3.046827182276565,0.0
1.9514847725805275,3.1888466311845005,0.0
4.310984550799242,1.264462310276129,0.0
2.5040495338148565,5.305287974741084,0.0
3.3765807550164,3.261807647096988,0.0
4.016431327594731,2.675541645803453,0.0
4.520872078191818,2.63720553015864,0.0
3.1376861184556133,2.996663380754011,0.0
1.950474390634826,2.5743475173229746,0.0
3.369353304720572,2.308079488856655,0.0
2.8931183596477634,2.9252770923041,0.0
2.046312240444818,3.7660582910334988,0.0
3.859514197411688,2.9168123490405207,0.0
3.772607843742789,3.162824029832314,0.0
4.231052909244686,3.8858555253276856,0.0
3.1946129485583032,3.7309054165491613,0.0
1.5098631879382656,4.525986688484515,0.0
4.686548030375242,1.6307271434943227,0.0
1.7343064665992196,2.1740791252225784,0.0
2.1976808613930565,2.224991498128569,0.0
2.528300556600908,1.4233541131613163,0.0
3.5390026150599048,2.2992913633892105,0.0
2.7294231311638852,3.599845002078598,0.0
3.563862920220053,4.234311487464051,0.0
1.9854684549264467,3.348945776626695,0.0
2.7875876878275134,4.6977306702891735,0.0
3.8143050999280934,2.2576959259946228,0.0
4.007417331668304,3.7132258716324493,0.0
3.7192810242819747,3.6005596459585663,0.0
3.4156020591936396,3.1737050832578784,0.0
2.4090833745734463,2.9079897634294616,0.0
2.275908425829444,2.7540457324279077,0.0
3.6921740073878744,3.747205917319527,0.0
3.0767336025457337,3.4306449394541816,0.0
2.202254568959284,3.2995564060342746,0.0
3.7994152420908733,3.4846996435694755,0.0
2.47397886204201,2.9392786404329088,0.0
4.260749447298413,3.7119900175479428,0.0
2.562643663090761,2.3829736254442113,0.0
2.411007649615942,3.099299224152802,0.0
2.4699397472522477,2.9688673829866112,0.0
2.7236822271685464,2.8158632433542716,0.0
3.5521001005135053,3.072054463730741,0.0
2.8780950121749647,2.474329644788945,0.0
4.458762350173214,5.3122609181490414,0.0
2.923347897037588,4.061533472009641,0.0
2.070097779627141,4.054714722176403,0.0
3.1960457944622687,3.568804108113761,0.0
4.82438064167676,3.8648353291826827,0.0
2.9876261053750808,3.8503259752904015,0.0
1.4405368611429439,2.7632740367882462,0.0
2.223511572771665,2.748885902993949,0.0
3.295751855926255,2.2933944846350576,0.0
1.3005426372236844,3.639312571728376,0.0
4.457638718697004,1.4741333752621422,0.0
2.63273438149026,3.353295062671706,0.0
0.3896989940061988,2.7041213942291136,0.0
5.213916918891917,1.5285456432601798,0.0
4.324500607049316,3.251462945384512,0.0
2.468154101190347,2.756685823737197,0.0
2.1940522056876937,3.3668437474296975,0.0
2.9150827909865833,2.536370052613205,0.0
4.47964389094908,1.6999508883348229,0.0
3.012325883430239,2.862702426928385,0.0
1.7229953499690818,2.217631427686799,0.0
4.165566583119876,1.3232426314184222,0.0
3.4503063506651412,3.7646719469534453,0.0
1.7482032310293465,2.4536223379224738,0.0
2.3763942837113774,2.873720643268096,0.0
2.8460197037636537,1.0124072175119057,0.0
2.859151943240993,2.617097353034177,0.0
3.8320452413854573,3.6311053202439108,0.0
3.9900553113524406,1.1636558172662834,0.0
3.3390035800561337,2.8726853583989933,0.0
3.9768197224929582,2.360364169407934,0.0
3.4215194013254884,3.660905802826682,0.0
2.089715961427471,2.5689728324933983,0.0
3.0416345962582696,3.420273277287386,0.0
2.533796888148953,3.5622225269627443,0.0
4.040229846401533,2.6984364074819784,0.0
2.3809445174084254,3.441048402103802,0.0
3.3092550102275187,2.770181134590865,0.0
2.4284494052390606,3.3085552477816735,0.0
1.541077562682182,2.1460620141825455,0.0
3.0788220399550417,2.150401218851353,0.0
3.26826206752013,1.9504751264737077,0.0
3.923623678287356,3.237078531336552,0.0
3.642687309798216,4.086209552468513,0.0
1.9023037460559091,3.865053705408277,0.0
2.9771059458263593,2.7831896848443156,0.0
2.0390490252994713,2.853756222980633,0.0
2.266685654034903,3.737765863578551,0.0
3.266567118980539,4.186144247539354,0.0
3.463165951151234,1.0589996538219304,0.0
1.5814220601201874,2.5437170152389657,0.0
3.2910016026786404,3.1402213465975146,0.0
3.2690435409925676,2.962603723072947,0.0
1.985951118180966,2.9351911288449783,0.0
2.877629424791378,4.715355852445294,0.0
2.038775635333857,2.2458035364919398,0.0
1.3515290179249873,2.445161441055313,0.0
3.9306998536318596,2.134569892035181,0.0
3.813864460690054,1.5738676559057472,0.0
2.8406482207125086,2.4026917327236434,0.0
3.399630346769551,2.1411521311969457,0.0
1.9914198682542787,2.7354267705351525,0.0
3.7738675702293807,3.7822728959809035,0.0
3.155355686088118,2.3860109077917135,0.0
1.879743375048821,3.7520046333093,0.0
3.281819695197631,3.836152468433296,0.0
3.3383747140323177,2.9124471109966072,0.0
2.545518444535024,3.4449851319257743,0.0
1.6328788083520045,3.7499154738125897,0.0
2.5622439914304707,2.67819148540576,0.0
4.018347477093702,2.8095303011539077,0.0
3.622158916088063,3.3298357782982757,0.0
3.2845042661418007,3.4118158563495404,0.0
2.376934691542555,2.9487385367753847,0.0
2.4795760024077937,3.67753810807793,0.0
2.1824596875751743,2.836026218656586,0.0
3.1536304837805686,3.493261439691251,0.0
3.1958133901137766,3.3456395941767925,0.0
4.021889993156609,2.4333875606261257,0.0
1.6568790225613188,4.233007030500559,0.0
2.798727477847001,3.8439696176727884,0.0
2.4000715078471835,2.0564144852918886,0.0
3.0432326547371193,3.601868941120123,0.0
3.5999089269241042,2.7128925545744598,0.0
2.3854062322818756,3.6948502897179236,0.0
3.6455281028489757,3.9770171421362943,0.0
3.51768001385103,3.493495865364508,0.0
2.7181160723742885,4.061978327009188,0.0
3.84946369552859,3.5117522451106367,0.0
3.438359917286494,2.62536459683648,0.0
2.384415716364836,1.1069742902758235,0.0
2.3198249151822075,1.9593153635654768,0.0
3.773467904334441,2.459684550824167,0.0
2.5072016601161136,3.4380730008382674,0.0
3.5985313313724427,1.8527085349058525,0.0
2.005422684030901,1.751684155602891,0.0
3.8962755872165,2.600964320326561,0.0
1.5713675096568083,2.7042068189976662,0.0
1.57000496209719,3.06809017015116,0.0
2.5754980848537534,4.121838150511952,0.0
4.1380580844698684,2.5224689053664373,0.0
3.953064698908263,2.84242836291812,0.0
3.618410270912377,3.767098491389486,0.0
3.492912690015228,2.154715607323253,0.0
2.35710377126275,4.018818261957686,0.0
1.675805530248161,2.085675358775897,0.0
4.192892612257209,2.5906409501500494,0.0
4.028650050584249,2.3302205441114205,0.0
2.1241241881075017,4.384106647647081,0.0
3.1837995355343196,3.0801295418397774,0.0
2.824887519253875,2.812059729973907,0.0
2.0788175043114503,1.9087703120204922,0.0
1.7299719234879245,4.029305612571876,0.0
3.2486376047856886,3.7160427172591275,0.0
2.8542364144334207,2.3738875281536744,0.0
2.59255018774273,3.0067913646777416,0.0
2.905735176696229,3.338255657237666,0.0
2.9356529247344154,3.2816490991482357,0.0
3.286112612501226,2.550999862576313,0.0
4.097369812141491,4.3509792645962495,0.0
3.8408993565349663,2.7890591942039777,0.0
3.7146943523708953,2.8166325925144244,0.0
2.582657805893036,3.8680095859440646,0.0
2.3677996558256744,3.649647728170628,0.0
2.388712100347321,3.8100484693841468,0.0
3.7951850358780517,4.692884958559504,0.0
3.6898183125340123,2.390628611610802,0.0
1.461994145423754,3.1257141497313383,0.0
3.9000835715486613,2.27058861943362,0.0
3.2343901712425493,2.5182773906255593,0.0
3.019072531544463,2.2785335603192145,0.0
3.9934181323734346,2.922278952917643,0.0
3.250324076662185,3.722251491286828,0.0
2.201197261513655,2.6746583919400306,0.0
2.3187178538040945,3.1309033652681957,0.0
3.1996180018387546,2.194869187534891,0.0
3.1637022245792235,2.3273158140881156,0.0
3.554602413484635,1.7604767907329824,0.0
5.076889128640191,2.681260942795639,0.0
4.128967586667794,2.8541330338871576,0.0
2.1960658913004862,2.951794284173941,0.0
3.056015723299439,2.3130497717553924,0.0
2.7385787417223124,3.2792517444825453,0.0
3.238801155072858,2.8077365161900163,0.0
2.104329300296052,2.236910049562017,0.0
1.7035847607383792,3.0917310820090744,0.0
1.7855912551406963,3.0590248597734653,0.0
0.7725389298921814,2.8710477112137305,0.0
2.339803626518763,3.9831364508847438,0.0
4.907424704850511,3.337995108481178,0.0
2.5834134185547137,5.367513082160768,0.0
3.272704404506663,2.6007323896923547,0.0
2.0158702718483874,3.0615917044861165,0.0
2.2745606886631924,1.956594284794666,0.0
2.1003870765214283,2.5508667343734004,0.0
2.4385629183279645,1.2932243093396836,0.0
2.977100950759715,3.4325908880360956,0.0
3.983544835019031,3.8481117520151162,0.0
4.2245530597336804,2.7488072293440586,0.0
3.5969517862437153,1.5048046885209005,0.0
3.6619455966639736,4.927149513111231,0.0
2.655071721550843,2.6034831783964005,0.0
4.868728659808518,2.5660789210507207,0.0
2.314623879346453,3.687318459277063,0.0
2.940539728061366,2.118163784710851,0.0
2.638613492756506,2.34781522207564,0.0
3.904519907272151,3.6099846967065212,0.0
2.6014154286282882,4.163742363724894,0.0
3.150713629079892,2.764530462794268,0.0
3.8433066316750106,1.7139817205696402,0.0
2.0424011817104484,3.840208680940091,0.0
3.5435356905291613,0.885475548453178,0.0
3.3092358059563654,3.4396149805061973,0.0
2.267876521233648,1.794351197583198,0.0
2.494483573434026,2.6700653556002925,0.0
2.896100261171903,3.275071343342002,0.0
3.192768636765528,2.1216537913166844,0.0
4.295029191149774,2.5886101205472016,0.0
4.616580518233086,2.6019202801151313,0.0
2.326595109509436,2.893054928192646,0.0
5.298180481533818,3.1496079097405607,0.0
2.588979412934776,2.998200798031599,0.0
4.651076942946639,3.0226520390751,0.0
4.293502666467888,3.96447296106314,0.0
2.0939071127567237,4.29614173523813,0.0
1.7350740030601208,3.420879248545224,0.0
3.108361620017062,3.2554353783006844,0.0
3.8145808441708873,1.6213946154262213,0.0
3.02445254050092,0.8516667003442047,0.0
3.040655505352355,2.6873953810256923,0.0
3.3997283621038505,4.381250642229743,0.0
1.5941702804148292,2.7732729121551944,0.0
3.1019091128278293,3.6405482567045486,0.0
2.2724782808879405,2.8173017587147426,0.0
2.6702012991894097,3.1415627312375727,0.0
1.850609243507972,2.424615062700088,0.0
1.8205377665093427,3.679520297573309,0.0
3.292785107134686,3.021842788509716,0.0
2.8784738657905873,2.2950422279208618,0.0
4.4798765189419605,1.574829176177901,0.0
2.657372477049441,3.688709667959112,0.0
3.6736855326582485,3.335287437658476,0.0
4.062645793215458,3.185430526915087,0.0
3.16114048226492,2.214126385245451,0.0
3.2203713284275497,3.684326072439631,0.0
4.106886313880407,2.3549130197794295,0.0
4.199153506919701,3.8170759354025368,0.0
3.5442223890612548,2.1573789026183565,0.0
4.255221120856376,1.8839062221543124,0.0
3.1776938321752035,2.981735066195019,0.0
2.0241203752233194,3.597953794838854,0.0
3.2846747087094514,3.70868209612562,0.0
2.400736336997877,3.172911455993787,0.0
4.126694310159666,4.035762151909852,0.0
2.757611685087168,3.243264352718596,0.0
3.8101689491136,3.0834722088077964,0.0
2.277937617245454,0.8965442446266416,0.0
2.058541928489508,2.062424256688674,0.0
2.808507526167738,3.952427631648868,0.0
1.8201972131873467,2.151440184541948,0.0
3.708134742219044,2.744866760161773,0.0
4.0972090214415395,2.6373296072165826,0.0
3.5256265434686496,2.0673533925186574,0.0
4.258649529594712,2.439364088351876,0.0
3.6211018025240564,2.9567915920646963,0.0
2.625942578294427,1.9448740634277406,0.0
3.1008853482093324,2.679192454495611,0.0
3.1166487688555193,2.3659211125037025,0.0
4.070498897455883,3.0905540201855697,0.0
3.078596852653017,3.7967164493831165,0.0
2.0194404982853715,4.236183331849167,0.0
1.8026950038684884,3.0770791045724315,0.0
2.8341692181837637,2.0901074426554853,0.0
3.051973121214942,4.273824522294758,0.0
1.8020300108378453,3.351619458441374,0.0
4.008111015270404,2.490838724229939,0.0
2.8230452006680853,2.699868900303081,0.0
3.805863303775281,2.3992391714480563,0.0
2.2366126054428963,3.6512663070734654,0.0
3.8346255339751094,3.8828349457690026,0.0
2.0851837472955914,3.299070977962066,0.0
2.5033515663002994,3.98402383136931,0.0
2.624995153931877,2.942361435300906,0.0
2.7522921448809097,5.1153066487912024,0.0
3.9765927636488003,2.8853052075000516,0.0
3.3357372524807234,1.2595034208164346,0.0
2.1114050993650286,3.822705717990395,0.0
2.030134787727708,2.63784433957607,0.0
3.1421790116253208,3.9662881370423264,0.0
2.7854689233745735,3.2635775678955112,0.0
3.1846753019353256,2.38420096849872,0.0
1.5181514808969723,2.912331175494276,0.0
5.009114708770181,1.6834202762971702,0.0
1.4626254033067294,2.3133450758442713,0.0
2.807656915713037,3.293798521261206,0.0
2.337483502029741,3.6846126234892482,0.0
1.889640739144186,3.712440753007137,0.0
3.564092951640515,2.4405696030924715,0.0
2.819009632632842,3.962824195073037,0.0
1.9623268886048164,3.0223711417921137,0.0
2.5889604076794566,3.530309389518001,0.0
3.5935567342385193,3.9666701829012947,0.0
3.879825607785664,3.221337157487874,0.0
4.420585877191019,2.169739061156803,0.0
3.2966303805421666,4.062650277095127,0.0
2.5425942714502843,3.391559032273811,0.0
2.4328325383040164,3.3746274757564,0.0
3.4615630734562397,1.922632399748667,0.0
4.188179868932323,4.075046621411898,0.0
1.2233106356116148,3.3849210073180678,0.0
2.9828076086515845,1.7825368567015782,0.0
1.860111153998682,2.8059081404512884,0.0
3.067426434531704,2.9297685684269,0.0
4.55020099050863,3.0486231621759012,0.0
1.4021194213782298,2.8168450837956907,0.0
1.5060497115157365,3.0124098089686395,0.0
4.36877113454598,3.858445203496421,0.0
3.2950116493932273,2.9385921206657564,0.0
2.9831134109902706,2.5010342069655143,0.0
3.816491048089595,3.134773729016918,0.0
4.581781319899935,3.9881989568210305,0.0
3.2450984704172483,3.6687189606874173,0.0
2.990377355252555,0.915486034698612,0.0
1.3022612775821565,1.8281204222082756,0.0
2.197751207586685,1.3808006820680427,0.0
1.3289502315029418,3.386419079783362,0.0
3.02842696085552,3.981763331607146,0.0
4.277221426189522,2.950097210010046,0.0
2.623626693473741,3.1135325967288847,0.0
3.4097978993817457,2.118326660778316,0.0
3.7876083697563416,3.9893609641325574,0.0
3.3557266569556474,2.306635701647051,0.0
2.9200837104286896,3.986514685336741,0.0
1.7745099043892367,2.455166736661455,0.0
3.6428314716222214,4.461054062106479,0.0
4.074635997681295,1.7305167167712305,0.0
3.024877220829978,2.0542943267004063,0.0
2.696789995290013,4.057913763096554,0.0
3.7320213873092967,4.036219845997133,0.0
3.3120880407359437,2.756358103589455,0.0
4.453544828823428,1.7774500091713568,0.0
2.5896662930591963,0.7512351424060566,0.0
3.6742232539442545,4.256891919898161,0.0
3.3807448486538596,3.376374710170966,0.0
3.043983719949241,3.142848787514417,0.0
2.4671047823571257,2.376220741433653,0.0
3.680165454893435,2.652243990390246,0.0
4.437903583244272,3.778755000950065,0.0
1.2031694071955543,1.989769883318742,0.0
3.145001776604657,3.7671568209763224,0.0
3.5278935711168593,3.582745736743879,0.0
2.2386542793256243,4.429874077026721,0.0
3.4011878337301606,3.4826180397649877,0.0
3.3238002033037697,3.7873041138248453,0.0
3.6523912776572978,1.7214785780532031,0.0
2.6942595116292165,2.788667871200856,0.0
1.813367200440749,2.9109805194087377,0.0
3.023997285256774,3.3383222231585914,0.0
4.172014287068091,3.10230233211321,0.0
3.796058996134546,3.9033267445775266,0.0
1.8200247944766514,3.124531983033744,0.0
2.853813123611953,2.216677190349661,0.0
2.901113892814863,2.084616499584843,0.0
3.5330963149610337,4.3648066309408,0.0
2.908784802185746,3.2568017367651154,0.0
2.8501338812126367,3.113903711043271,0.0
2.4765464329007845,3.233717900306342,0.0
5.17689784381826,3.1792817570148038,0.0
1.403590231338781,2.7249172243056474,0.0
3.0260062786124458,3.5449251291875212,0.0
3.1175299259904397,3.9134549807627446,0.0
3.5856058611598747,3.7649738528766252,0.0
2.63753796465706,2.961040338571201,0.0
2.6117647768559613,2.052091333361922,0.0
3.4792566325496805,1.8366886896888481,0.0
2.667334721042947,3.86613289249261,0.0
2.3955937855485825,2.563839478209013,0.0
3.9959812980301614,3.1352838323991725,0.0
2.0813025028216057,2.2135393722907613,0.0
2.356257470548276,3.1784709217947396,0.0
3.3189186945025613,4.003644848397298,0.0
3.6597569321716694,4.168995552474844,0.0
2.784650062666513,1.74846168125404,0.0
3.422883299229561,3.6349300572326797,0.0
3.1854627386114975,2.198362157333605,0.0
2.738964048241309,4.583185795634638,0.0
2.1214196797717717,4.748557299771141,0.0
3.888657807258518,3.3435559065139446,0.0
2.1086416355048443,3.0895218333898202,0.0
5.4148003838830485,2.8297157278857035,0.0
2.5325093105979324,4.335269123412843,0.0
4.442012914459827,3.14356656351369,0.0
3.9838221751933474,3.2665894330847736,0.0
2.737932812369785,2.791770464184849,0.0
3.930194546967491,3.0398594640381953,0.0
3.8780469428938256,3.4753628515054893,0.0
2.6990387518307415,3.390706308552661,0.0
1.4535652525430678,3.8081219665210906,0.0
1.6397923772809786,3.213316679251357,0.0
3.5340834732811373,2.869493043650153,0.0
2.982667740068776,3.290472328595355,0.0
3.165879437203675,3.2073097392718624,0.0
3.904905366466142,2.3581756640404867,0.0
2.662969475276899,1.1016950752026367,0.0
3.6750662707069273,2.1281763332785437,0.0
2.4365295756703134,1.8763924826857408,0.0
3.0825355882096486,3.800003868500972,0.0
3.165852367222372,2.158546289940442,0.0
2.0390995996370016,4.284739282819821,0.0
2.9941962035221876,2.3284209778196083,0.0
3.7684139737865614,3.544257510052997,0.0
3.460240009778988,4.720877135000165,0.0
4.310106757634979,3.5422571960180473,0.0
2.578850423178541,4.7370737464048265,0.0
4.360517842327727,2.1495588442229057,0.0
3.1974918965108605,4.075915023300675,0.0
2.571444117705861,2.3641250545670722,0.0
3.14713639168083,3.8878954784337987,0.0
2.354060985792472,2.9484660742742763,0.0
3.279902256626597,3.217001168205088,0.0
1.5223624420384525,2.980342530019646,0.0
4.116834755055329,2.722791796451405,0.0
2.4210609262942975,3.114774010377065,0.0
3.0326199314249345,3.3913202127143043,0.0
4.079480872307736,1.6490883577468392,0.0
2.4351775718031226,2.748715573991153,0.0
3.60896765771332,3.589244307788115,0.0
4.0417411339123035,3.1420187869811174,0.0
3.1273994681188575,3.871126436419326,0.0
3.3519262175341757,1.6727214737743403,0.0
4.1761081251360315,3.279892229872946,0.0
1.9599360398007026,3.6888117452706144,0.0
4.075937602626468,2.7454447050007857,0.0
1.5198359633570906,2.6536443249853656,0.0
2.5317205629917536,4.213589796437306,0.0
4.783621127180838,0.3712653824706007,0.0
3.8693893737216474,2.555366867285316,0.0
3.0150612465848443,2.49109071859217,0.0
4.8526037595398055,3.557826262785677,0.0
2.010807499348514,3.9138375800912697,0.0
3.4737297343426765,3.9632212597753886,0.0
2.9072087989091595,2.4434383988139916,0.0
3.0209260164056038,3.2332328210542105,0.0
3.6780366601638503,2.5283363555713994,0.0
3.577819814631078,3.936455791000628,0.0
3.096432570933469,3.2481560899269497,0.0
3.6804970424247587,2.9411634265005815,0.0
4.239343391353258,3.1734236019628423,0.0
3.3093589816544218,3.837950134674329,0.0
3.739968950746854,3.2912773446844037,0.0
3.1979338223814127,2.7331362206326064,0.0
2.5720542387750913,2.8239399030909684,0.0
3.0452094987431053,3.658531249381,0.0
3.620536739783073,2.078509191916012,0.0
1.417508059883229,3.8575104207517734,0.0
3.275891212105649,1.257015750295306,0.0
3.6243313340237777,3.0655460734212423,0.0
3.0891686777183307,2.4013247936763698,0.0
2.1381158195646393,5.565570732597605,0.0
3.6396477159476035,0.9080534709365287,0.0
2.4260844832707553,2.708099892013658,0.0
4.5346823612954825,2.3800628858520745,0.0
3.9544281185283734,3.752857909685699,0.0
3.2289011820514038,4.126968010399138,0.0
2.761087570289134,2.9097659187052036,0.0
1.6912195327489572,0.6080401381898222,0.0
4.640304163869414,4.720965747401861,0.0
2.465766963665319,3.897789278441188,0.0
4.491560697767101,4.630818231793529,0.0
1.012695394220218,2.864572960219186,0.0
2.936144868650701,3.302552161335766,0.0
2.4850153035009535,2.521079167257156,0.0
2.1211277184602255,1.0662124269555209,0.0
3.2914464659249596,2.63002953034204,0.0
4.471492827851694,2.192236573720733,0.0
2.6415525842774934,2.9168135977406093,0.0
3.1998987398311782,1.5730240295344602,0.0
2.316413159474164,3.5748344666859326,0.0
2.179241210222709,3.3088129200278464,0.0
1.0571737787175655,1.0854953853526794,0.0
2.382801180176334,0.8060956633538972,0.0
2.7928867850983226,2.234030532037368,0.0
1.7091039631796154,3.735493895517195,0.0
4.691288749031734,4.92151061801821,0.0
3.4471302091283405,2.0713087487801083,0.0
3.654386069208761,2.4963053820447145,0.0
1.6677263596452088,1.8553277077769714,0.0
3.4036408007444567,2.806588846188876,0.0
4.376730721090272,2.821653875158129,0.0
2.92768307286616,3.8795120629232587,0.0
3.3114675098828315,1.6717293867635128,0.0
2.7735957148005395,3.8928006556005323,0.0
3.3979339369112074,3.686393907526955,0.0
3.007443627406005,2.477629054581268,0.0
2.745869079336182,2.3105633367809686,0.0
3.36384763223423,2.7773656478357704,0.0
2.99394747958523,2.3175214450934245,0.0
3.303343638023984,2.683803785193682,0.0
2.935906226869136,1.3518239789567246,0.0
3.980701236166042,2.7082959857720152,0.0
4.698344058483316,2.633482707924869,0.0
3.23615117179415,3.13649394476511,0.0
3.4731211901478893,4.138258420456692,0.0
2.635799048557928,2.8321806670499297,0.0
3.5792285275849025,2.11695258663619,0.0
1.5962605766524638,1.4415650077600943,0.0
3.4746494041234093,3.506688151050285,0.0
2.1687519307402074,3.20621345155197,0.0
4.2328003552149776,2.908905501598752,0.0
3.7521816926041667,3.1448190234129365,0.0
2.875153757989206,3.753307545424017,0.0
3.556212630076912,3.2782940582133393,0.0
4.717741578290263,3.2798037144240397,0.0
2.9158184882653813,4.28608213290441,0.0
3.2986568776717218,3.047768391156283,0.0
3.4482562417833127,2.3868902807948147,0.0
3.516860204121392,4.174746158710424,0.0
2.72115912845362,2.489095026885594,0.0
3.759478540616151,1.9028681157676752,0.0
3.0148447670788707,3.373225622427631,0.0
3.1699630765282025,3.581921403667867,0.0
2.4987903817007817,2.284569443781492,0.0
3.960918992600657,3.7574857157575643,0.0
2.2092665691698965,2.9913577580023225,0.0
1.6778958044336207,2.578114374491714,0.0
1.125845452127277,3.029047112490042,0.0
3.731725731476425,2.4466039058456177,0.0
2.563997151663152,2.9870026240804237,0.0
2.4568387614337954,4.504428053764653,0.0
3.0259901332004193,2.700744831396756,0.0
1.9048970545920982,2.666886234308238,0.0
3.332263606867588,2.2269543112554198,0.0
5.042158565652235,2.598020707890622,0.0
3.652067928649018,1.8634222832187077,0.0
3.3641504440085823,2.5847745718889064,0.0
3.811999475744931,2.3621337426063285,0.0
5.225802246368991,2.775891781232785,0.0
2.6480054864775,2.0646630407152795,0.0
2.653474490171851,5.229205448495781,0.0
2.503641732940002,2.2719708873921505,0.0
1.6687558506959623,2.6368583706865443,0.0
3.1366826128145826,3.2352374121605534,0.0
3.028219141710882,3.3581040115692486,0.0
3.281245864195682,3.662166773878687,0.0
2.071711873997949,2.7646882333077247,0.0
1.2900166547373961,2.234192952274047,0.0
1.2340614539839807,4.332485557541142,0.0
3.2818944765600855,2.204403200172049,0.0
3.3262328891285904,2.806684343079567,0.0
4.568222354552808,3.047909938501393,0.0
4.055720280956722,3.5582476459231303,0.0
1.806371848345323,3.391412863396561,0.0
2.0148277623681765,2.4748854915225795,0.0
3.466042324396405,3.1833011056395586,0.0
3.031694748531304,1.603329398742075,0.0
3.8829644229095557,4.979496535605441,0.0
4.2381783246504465,2.276003131548376,0.0
3.3442104794932384,3.8108816242781116,0.0
3.05695878403128,2.1228212704851988,0.0
2.0849724981577604,3.5765150634995546,0.0
2.1189810073962883,2.0848664111109203,0.0
3.5823567863994312,3.803772286040584,0.0
1.8953702176844438,4.713637597281092,0.0
2.6599993459185454,3.0652848391612206,0.0
1.9651963308366243,3.5093059882641615,0.0
2.108114728894922,3.876913353076472,0.0
2.836635290310233,2.479464104975791,0.0
2.741194273802001,3.8528498073963426,0.0
3.5352967373549857,2.5912639393372485,0.0
4.1245709048566805,4.9471080027241525,0.0
2.7826944354724046,1.909802575940142,0.0
1.9113568998187993,3.1452243728178866,0.0
2.698968271024455,2.078432511003277,0.0
3.8606068438997583,4.072710878451117,0.0
2.109954026534269,5.243278511231244,0.0
2.0400631895816432,3.2553028285916503,0.0
1.7108281221524648,4.737354587984053,0.0
4.263261463816168,3.7473824837706453,0.0
0.95229979777569,4.507488552515591,0.0
2.02366207411347,3.7372642019582965,0.0
2.0039206594320618,4.583419452154865,0.0
2.6567731324574693,4.453938085060104,0.0
2.4271916037385597,2.5622372994049734,0.0
3.1188124381126725,2.5860458828751103,0.0
2.514027968478271,2.8184098358053515,0.0
2.102668222711176,2.4459453758446217,0.0
2.5775401463148753,3.5011721957856397,0.0
1.8969998848355019,4.323338072789527,0.0
3.9255710645462103,3.472857361762364,0.0
4.214427330293451,2.7194619639682562,0.0
1.3417260497033836,3.2185196014871424,0.0
3.417946159698659,1.2383146188876986,0.0
3.086064213473343,1.9823301144439098,0.0
3.08280242350261,2.7289352452551308,0.0
2.542582339186414,3.465668808365958,0.0
2.36354332709122,2.7792062556749615,0.0
3.846547951748796,3.1834338533479585,0.0
3.863987054827789,2.7899228346737717,0.0
3.1027383915845452,2.6454865806661294,0.0
1.567393659310379,1.9720808745115679,0.0
3.058314793770671,3.399846481908626,0.0
2.6327421479678015,2.591868457099537,0.0
2.9426561103671998,3.1236521863892537,0.0
3.11357970461815,2.432437614844949,0.0
2.898173730134621,3.530754059742117,0.0
3.8874544350042424,3.099637800517036,0.0
2.4014229137573504,3.243307939845654,0.0
3.87944326747118,2.313766128067373,0.0
2.684203945636271,2.263080889986648,0.0
3.724220097669543,3.282381755921225,0.0
3.8125921963245064,1.7202492734297405,0.0
3.3767107126438205,3.781320857119967,0.0
2.4717430939604923,2.9005977414373376,0.0
1.3633343740459294,2.1221225138353126,0.0
3.4265537344671433,1.6497775655371196,0.0
2.6172109872697176,3.9093051684059894,0.0
3.085164520008262,0.9753870577245154,0.0
3.874427702498681,3.4238684344273738,0.0
2.373305245265524,3.1250124666573615,0.0
3.118790216249731,3.5726385206206674,0.0
1.5379731748470236,2.0234632243582125,0.0
3.3315415133542228,2.3950874546500422,0.0
2.4498478414122715,3.2924201475120265,0.0
0.9361088454182962,3.0471702082848715,0.0
3.383712080203882,3.7898022372488733,0.0
5.364931824836191,2.959929982621198,0.0
2.9699287282626115,4.2570292218248325,0.0
2.0401905327884315,3.124864699079809,0.0
3.5704951361611017,4.46165627651338,0.0
2.6615769742361244,4.548208611580272,0.0
3.405485261647638,4.576445925094106,0.0
2.105756913696152,2.3368711823785264,0.0
1.6182612904602272,4.0962240610484155,0.0
3.297422674134082,2.980790893008341,0.0
2.486089591283334,2.9848386987419846,0.0
2.3811820008760076,3.738681342586954,0.0
3.8682059992601525,2.681752838251124,0.0
2.5786987179171157,1.500803504242801,0.0
3.3927483254321347,3.0223839626350393,0.0
2.4952575698097075,4.703104945940411,0.0
4.0830758025490725,2.6861695792470863,0.0
4.573591948126039,2.9312114664763333,0.0
3.6115083097716036,3.355302040274143,0.0
2.141335245777125,2.670344365100311,0.0
3.7394105650104708,2.820457425189125,0.0
2.994795771814756,3.113980508121131,0.0
3.392257425409861,2.627818542093971,0.0
2.6957820826631096,4.179038522212109,0.0
2.6322039402240023,4.90583120077928,0.0
3.2203571437264507,3.4143981932239407,0.0
4.700296088282953,2.560162998714565,0.0
3.265179708295877,3.4581877070120974,0.0
2.805065423825193,1.9732497211469293,0.0
2.386451406363805,1.75592304625467,0.0
2.6876734138885032,2.9244948238936153,0.0
4.39855691541486,4.13493059915951,0.0
2.5532748136854715,4.267694531586886,0.0
2.6235093342858145,3.3543940242889096,0.0
1.973497333257008,3.6319503488222407,0.0
3.664972708155309,3.209791458015894,0.0
3.52153523039352,2.9110441324499696,0.0
4.21655364612494,1.9175373728227116,0.0
3.6791010944057785,4.072636840368814,0.0
2.882703294378991,2.6193062400806335,0.0
4.351410068201137,3.742746173366289,0.0
4.181935958972456,2.9689256518785268,0.0
3.1197778845776587,2.1399239860779673,0.0
3.3595643409341114,2.255612312569932,0.0
1.524439240420511,2.4800509035268727,0.0
3.261409037656626,3.0998386269394107,0.0
3.0932479535378485,4.0635995966784915,0.0
2.9382743970826133,3.6381394259360254,0.0
3.420830012679561,2.2858236194942174,0.0
2.1679950070658554,1.8173378757404623,0.0
5.084704739575494,3.6053135841438766,0.0
3.6800861881205575,4.742939294266581,0.0
3.6387527990712227,3.8630027322653118,0.0
3.637450425247187,4.830746368601473,0.0
3.8935501441235694,2.550955031451002,0.0
3.1160945241633153,2.9977996268942735,0.0
2.4833747416013656,4.196508263286459,0.0
1.6012066489700891,1.5274358389791465,0.0
3.9609469075813455,3.3439329819759926,0.0
3.5143236239409603,3.2839543083912,0.0
1.8918674202575512,4.2577883548083655,0.0
1.8316946768080513,2.128173931762931,0.0
1.3677424865347372,2.7977324984926444,0.0
2.731157722525883,2.3872340336669797,0.0
4.042488481844356,2.9028464959634594,0.0
1.6766771192965666,1.8954531046252674,0.0
3.073187418773901,3.4764189035654525,0.0
1.6352924013888954,3.1515983527859364,0.0
1.6921388715945833,2.7529107022963863,0.0
2.382896923650074,3.2535019024086704,0.0
4.627969027091085,3.3959852552810625,0.0
2.2783034730059564,4.3373073496369265,0.0
1.7375108532230255,2.9130743129900196,0.0
2.5097607076444985,4.1986320237983215,0.0
2.523743542422621,2.268475716914152,0.0
2.7755458264349175,2.441078790737501,0.0
2.3987187850561917,4.440821914416157,0.0
2.4907617854303687,4.096716994916534,0.0
3.3601509324032484,1.4739736795205454,0.0
2.9715936931823927,1.029394235043538,0.0
2.0988340190749453,4.357304473075409,0.0
3.5185928522680627,2.8831696579472452,0.0
4.990005236446148,2.4339400489687337,0.0
3.3713803275092626,3.2331926955086914,0.0
4.06067804876848,2.474107497805983,0.0
2.5070736100709192,3.0048063296824745,0.0
3.0720814380057324,2.7375484228563693,0.0
1.9992907818246815,2.663654677335841,0.0
0.8472315898297156,1.266409849465912,0.0
2.343034829641348,2.0725280685019682,0.0
2.6100769369060184,3.996859071626891,0.0
1.9602341772134266,3.6917237994819443,0.0
2.802655000913569,3.1898689321503455,0.0
1.8883845403262867,3.7213107609712375,0.0
4.694180202221088,3.0671823227363544,0.0
1.8544101367624415,1.461695398522187,0.0
2.2277898531320814,1.9987778610022113,0.0
2.4265310096763724,3.440965587625272,0.0
3.8340115712650378,1.4310347313570722,0.0
3.62589612626653,2.2767649045255567,0.0
3.029487760255358,2.3581036773968607,0.0
2.4118184216382534,3.2293229335286937,0.0
0.5538629806434479,2.817235229875955,0.0
2.2110847497494834,3.1678486587948655,0.0
3.0330763085610113,3.429206589330613,0.0
2.629684144579191,3.3219676415947452,0.0
3.989199664495401,3.7755358951853673,0.0
3.4270303519966814,3.1496700878536883,0.0
2.378887861630875,2.1076831314013655,0.0
3.604244591685806,1.8763561548299992,0.0
1.6598289797012264,3.361484597429728,0.0
3.244711432676373,2.9029084817897535,0.0
3.883202939141339,2.9857446855999354,0.0
3.5129331179544043,2.404565249294935,0.0
2.4668995663108144,2.9368455529053423,0.0
3.7179457790172217,1.6303930738372392,0.0
1.422661564324186,1.7340824538821071,0.0
1.957473275811074,5.636155657233416,0.0
2.140277948647096,1.056900264789775,0.0
1.3575517898653302,2.0597294229198555,0.0
3.9413124406001887,1.9411404646009152,0.0
4.33093233241633,1.940626498642444,0.0
2.8067151567047777,2.578424681110179,0.0
4.092760662356306,1.8146990086321326,0.0
2.0835008190683912,3.626957492942893,0.0
2.5984380089054144,3.0695036331314087,0.0
2.654897262279859,3.4034855620526794,0.0
1.9864573378352104,3.2211500809502214,0.0
3.4381462906571643,2.364349770704206,0.0
2.91790748771362,2.2887580630437787,0.0
2.5547304606919874,4.183416954582043,0.0
3.073306627440756,3.101955668638675,0.0
3.7939015084837897,3.108741617874843,0.0
2.6412356446095666,3.088480189678307,0.0
5.018330744392712,3.078517719267321,0.0
3.6269214698087087,1.693843073803057,0.0
3.272823866771522,3.3364373738470143,0.0
3.0672991503050753,5.306310259007359,0.0
4.684001231416783,3.0628375411127937,0.0
3.289146087536442,4.558475163986139,0.0
2.8920380966640056,3.1299758359339465,0.0
2.187244262168292,3.272448017794906,0.0
3.2908082056298977,3.290712217311285,0.0
3.5158512675354365,1.2544214416926394,0.0
4.5454200735720525,1.6393485151742033,0.0
2.8151659747554665,2.839544168286429,0.0
3.209793605385093,4.557551070279424,0.0
2.7419374468164768,2.5838292361542137,0.0
3.5271970340002095,3.4680540878895467,0.0
3.5743544670029226,2.1589455569937113,0.0
2.523821186817941,3.853297568832567,0.0
3.049426073904095,1.6754961385153937,0.0
3.090167528470482,3.9728065776220283,0.0
3.292684796399144,2.964053979627402,0.0
3.9372034498752435,2.83156535448351,0.0
4.3669364834664774,3.621788885853333,0.0
1.7102427550741113,4.214575816508951,0.0
3.8488315010817504,1.5959765040212157,0.0
2.151221798021705,3.618421192483952,0.0
3.5135338111808614,1.509530766769322,0.0
3.276104144648529,2.397340371751236,0.0
2.435010356858534,0.7321016325147744,0.0
4.37863792869998,2.758020081925268,0.0
2.5871789784244563,3.180928722541548,0.0
3.884604317663994,3.863544621941144,0.0
3.0325279432764773,3.2861354866507493,0.0
1.526561520154482,3.0481189620577305,0.0
2.8898574417590885,3.8361621040057043,0.0
3.6081096922508746,4.211659827487679,0.0
2.7275926801756385,3.9443066101393436,0.0
2.1647764744158158,4.8755371616550285,0.0
3.543236376559788,2.5196785057539923,0.0
2.7606212123485556,4.1510419505298675,0.0
2.92362875839145,1.679580212978163,0.0
1.8171034780311697,1.8785745434981358,0.0
4.314407814362158,2.9877972498977545,0.0
4.418572979203998,2.5691941791709376,0.0
2.6114278047304964,3.634845218398769,0.0
2.361711826533303,3.411508186895576,0.0
5.156756738448328,4.418733557281307,0.0
3.2400196968204833,3.488785561217005,0.0
2.2668244176769003,3.4230468955441378,0.0
3.233960369824079,1.977294728561448,0.0
3.0271568657212296,2.7716875888866426,0.0
4.064101428144436,3.8344074393880128,0.0
5.078365947236977,5.644199669248309,0.0
2.970436066763611,2.2423216829313852,0.0
3.634982031636706,4.059689508853922,0.0
2.598495844003399,3.0147924918267,0.0
1.8674725950344706,3.1071987711133535,0.0
3.0589314760763653,2.2625424057348544,0.0
1.32133759156804,2.5696987400671154,0.0
5.287848181430817,2.9180776370643082,0.0
3.9407758106882533,3.7955557401214026,0.0
3.287341720130982,4.357682622975582,0.0
1.403211176327684,2.5656429087454358,0.0
3.0937098020399616,2.5032803683338147,0.0
1.7263161087523538,3.677523971882758,0.0
3.699627519241644,2.777441554068009,0.0
4.089310561517365,3.963433917544873,0.0
3.0400434724728034,3.573036477001049,0.0
1.5267809184373806,2.4677829394236,0.0
1.6157668481232974,3.831350230212279,0.0
1.5206015133564752,3.448625398892216,0.0
2.2803760272893667,2.796812011600326,0.0
1.925197092143231,3.418087828883003,0.0
2.447463680141845,2.1086181402105053,0.0
4.325609908893915,2.6353520006025493,0.0
2.4406237383112916,3.708586112801001,0.0
2.396396717129134,2.7568977717538017,0.0
3.1055260554297837,3.405804921345549,0.0
3.5825244524665236,1.6904879986400339,0.0
3.996623764623376,2.9447559596590698,0.0
4.677793209519669,3.2193735255411142,0.0
2.368850582422096,2.4405824364607374,0.0
2.82801863618678,3.100940042354294,0.0
1.1951688121706074,3.2013818754983405,0.0
1.9257877555117844,2.0765611280268943,0.0
2.7525006447185993,0.44832853224877045,0.0
2.3294503724665314,2.182530377887616,0.0
2.243867319332755,1.1051128730745936,0.0
2.1205418060760537,3.653450121750004,0.0
3.762305507622964,4.019186341831759,0.0
1.7050337392026949,1.944176209764324,0.0
4.34220660213477,2.043274332199207,0.0
2.0060271203746662,2.662954846614697,0.0
4.3819489028627565,2.3990564261259206,0.0
1.7527945987513462,2.3235202476839225,0.0
1.8420769003557596,1.4499804055711438,0.0
3.1821715936585373,2.9510430274878794,0.0
2.967128983403573,2.1714486329130493,0.0
3.715390995400136,1.5823729341595678,0.0
2.134825216542378,2.5592054671915614,0.0
2.6637810629040346,3.11940200064987,0.0
2.96223606791764,2.79743366958898,0.0
3.4836666090826154,3.452441309216152,0.0
3.4095527905194136,4.745617906937866,0.0
3.7113656659197467,2.9546934520463615,0.0
4.14989705884148,4.26224139452241,0.0
2.8890671587252856,1.7225196178021376,0.0
4.327944254802629,0.010831186330568787,0.0
2.860408046717727,2.2357242624594,0.0
3.1164773037379145,2.6319867848038196,0.0
3.3250592770053116,1.9179316146182384,0.0
3.0519194444711473,3.554846615033605,0.0
3.66248825505532,2.4408877278387298,0.0
3.316458287554506,2.841615706707948,0.0
1.6649265689450892,2.9651263401757655,0.0
1.4946772757714266,4.093189399353002,0.0
3.2950937964345033,2.4455602465461754,0.0
2.2170953863234746,2.5548818627963614,0.0
3.4223453261734758,4.104945724250753,0.0
1.5195481993821012,4.322546616746865,0.0
2.920360331825024,4.318581532355543,0.0
2.34589831459448,4.273586142275738,0.0
3.4396087842674823,0.8990429599004046,0.0
1.95000754714607,2.1152536469563494,0.0
3.48246230631277,4.845433415101926,0.0
3.959151871517883,3.5097199835531034,0.0
3.4094207971559003,4.586105503450492,0.0
3.277751715383012,3.809655266003168,0.0
3.8611314668192587,3.4695734418410447,0.0
3.746476657717786,3.5007279530210025,0.0
1.3249363622663914,2.8625063596484877,0.0
3.9697789146098286,3.0355410284689444,0.0
4.381721820203444,1.9865532620346298,0.0
3.5236395741264626,2.5041759889079285,0.0
1.759187792964702,2.6073194614413207,0.0
1.886822942660401,3.3361772317951157,0.0
0.9897897136807492,3.653925981815402,0.0
3.9401839615610816,3.849447561132997,0.0
4.168374959427014,4.7153815833098385,0.0
3.3997286558363884,3.8512273751831607,0.0
3.711378672680442,3.711832494118716,0.0
2.72000103889361,1.8044650051200526,0.0
3.476244484449275,1.5499453805606602,0.0
-2.6735802624357565,-3.602348038721546,1.0
-3.2728863948640123,-1.6624440627236714,1.0
-2.868144105815856,-3.48788988618183,1.0
-3.9853044178535986,-3.1546187863661967,1.0
-2.991759988670318,-1.2790646790154245,1.0
-3.4456915778683883,-2.503786919066918,1.0
-2.584316543682754,-2.210142416463084,1.0
-2.4586077900646517,-3.4142685479233372,1.0
-2.711381736989686,-4.240769258493409,1.0
-4.012746011781559,-4.2032744783975975,1.0
-3.124193252476864,-3.5597567879794143,1.0
-1.4774299806265208,-3.2520079906363804,1.0
-3.456676828113748,-3.0067772979285956,1.0
-3.6063234969916858,-2.7968755538917627,1.0
-2.303946109007622,-2.8978754383057295,1.0
-3.5036640221318507,-2.400004574344404,1.0
-3.8090641034601997,-2.750600289323328,1.0
-3.619595114502512,-2.1019690641957323,1.0
-2.1270466823180243,-2.608238545609982,1.0
-3.1722604187822125,-2.871255789623588,1.0
-2.2707255423961965,-3.6023038806912617,1.0
-1.9358744847846774,-2.5093814102995804,1.0
-3.390205347624789,-4.1455365737875045,1.0
-3.1434145889565186,-1.8737485032816612,1.0
-3.2112895807487805,-2.0872594064551833,1.0
-3.7172446837453212,-3.2312880450964063,1.0
-2.0973085718646587,-3.357486146519461,1.0
-3.380470860984499,-2.1394164313523962,1.0
-3.933822075857686,-3.0520045526435124,1.0
-1.462481521762658,-2.1917068208051464,1.0
-3.2048265049226967,-2.0464956953708473,1.0
-3.0557490261349662,-3.680237941909007,1.0
-3.517999262036021,-4.345188253449638,1.0
-4.034602924660824,-3.0919009877815444,1.0
-4.343628611532882,-2.1976842611843246,1.0
-2.2215358096871505,-3.045274147952175,1.0
-3.50895590322283,-2.0787307109844133,1.0
-4.900008694106528,-4.018841695322645,1.0
-3.735766670061256,-4.6518435807487055,1.0
-3.256821798647669,-2.93210030652501,1.0
-3.6682457368307784,-3.933500169288167,1.0
-2.5527725753288237,-3.4150472566340033,1.0
-3.3795172915523066,-3.158082349308819,1.0
-2.227749161228788,-2.0546964283486884,1.0
-2.221949817112627,-2.3121979387347644,1.0
-3.903318415071616,-3.398589261205762,1.0
-3.6567775344642577,-1.965974661201181,1.0
-2.0497863768178846,-1.0855888859496747,1.0
-2.7440499370937763,-2.9835351829236267,1.0
-2.3734778814964583,-1.8558105448058793,1.0
-2.370619546143933,-1.1042473554204952,1.0
-3.6124776159330905,-2.3378047466994074,1.0
-0.7536393104136612,-3.254255794180248,1.0
-2.113382836473815,-2.5113267390723903,1.0
-3.381546526264918,-3.821803955718406,1.0
-2.0687726731144336,-3.5896768124436385,1.0
-3.1027421506759003,-3.355306715604396,1.0
-2.8910020845751805,-2.966429844867799,1.0
-3.557939201532538,-2.7394994313944907,1.0
-3.7982402394470736,-3.866131827493664,1.0
-2.3033461425066313,-1.4834336676264819,1.0
-3.6276734158843964,-3.0922220711894193,1.0
-3.6984383449248055,-3.3896719678395173,1.0
-3.2872527031300645,-1.5580873666942494,1.0
-3.969455229498807,-2.2376774437963083,1.0
-2.9540674011360637,-2.628376007884095,1.0
-3.4657762292861034,-2.6293891126149447,1.0
-2.1010416737837483,-2.9232106110277822,1.0
-2.074669766848328,-2.994638791972763,1.0
-3.0137366637378955,-2.7997291401247018,1.0
-3.75208371764496,-2.2565748232826577,1.0
-3.1836175563248745,-3.618355841541787,1.0
-3.33231710313496,-2.535605107700506,1.0
-1.5765315737607686,-3.55253767411777,1.0
-3.3007348451683933,-1.6744418069576772,1.0
-2.7950011511643975,-3.267857289663649,1.0
-2.4187623336306214,-3.3705967937292893,1.0
-1.6932364582266504,-4.648961866443417,1.0
-3.317535397330839,-3.4209184308879474,1.0
-4.321141210162892,-2.118235729778136,1.0
-2.8892432067045193,-1.6457141336842498,1.0
-1.9791971752751134,-4.673429674125533,1.0
-2.65504943456238,-4.009157797493371,1.0
-3.4943533089735634,-2.539906261319097,1.0
-3.3036650650905637,-3.355410358835827,1.0
-3.772136556120942,-0.8359420804935445,1.0
-3.2053198348153487,-2.457812000559307,1.0
-3.7827796686872315,-1.9654666448457894,1.0
-2.6487901505084155,-1.9664965167654338,1.0
-2.5499323093447566,-3.0017284623464535,1.0
-2.92310022578218,-3.668837495822335,1.0
-2.2109108231043857,-0.8529637305141309,1.0
-1.895361965587939,-3.509375505365001,1.0
-1.7028431397252284,-3.5282602267713825,1.0
-2.884679531375836,-2.734715359724935,1.0
-3.4889500866762475,-3.28950669108574,1.0
-4.974217728098975,-3.8392864903386834,1.0
-3.4097615053764088,-2.803290031784882,1.0
-4.147851034552598,-2.785985633070207,1.0
-2.9751433140554298,-2.822356770722185,1.0
-2.2690582707599445,-4.274005067326029,1.0
-2.33187249056218,-4.229012551978689,1.0
-2.2567452627352877,-3.0463077584767673,1.0
-4.3406336163832355,-1.9126397586926873,1.0
-4.325975725046558,-2.1089180991640806,1.0
-1.8430168350621252,-2.972319726879903,1.0
-4.821259522646766,-4.038445187657816,1.0
-2.372023925384371,-2.1304061552106095,1.0
-3.1711320343650806,-1.2486168368078707,1.0
-3.3015661113154176,-2.2405542736592734,1.0
-2.8232037746029306,-1.428574196574555,1.0
-1.3713751133736212,-2.2662216733981584,1.0
-3.7147920579215,-1.5371330643099108,1.0
-3.3613108837658925,-2.6496134321662175,1.0
-1.9889454339157162,-4.279805477263952,1.0
-3.79035803960379,-2.8410529819505963,1.0
-2.236879420486724,-2.4933062214724515,1.0
-3.040418503313492,-4.01328701301022,1.0
-5.017188349790074,-5.016735507665159,1.0
-2.8963781617587347,-2.879563199261241,1.0
-2.9195967393830724,-2.7687828932798944,1.0
-2.8062837438004538,-2.9680163337161,1.0
-2.376891284777782,-1.6973642924000854,1.0
-2.4655177945064812,-2.122756875781958,1.0
-2.9958464330422405,-1.8938359556168058,1.0
-1.9704986064871053,-2.0419005239255235,1.0
-3.335319533656535,-3.2911948518113965,1.0
-2.738614669518379,-3.240529332935473,1.0
-3.7865632715524296,-3.6351919121599643,1.0
-4.853985595077886,-2.314238233716332,1.0
-3.7040827397824874,-4.549389809299747,1.0
-2.91033837794852,-3.240136293914431,1.0
-4.444783368576953,-3.2052565052672537,1.0
-3.8022872578035267,-3.335139537049399,1.0
-1.4482433034395887,-2.936001001304301,1.0
-3.2570439972028464,-3.743355777849335,1.0
-2.5916551809926704,-1.973146074281093,1.0
-3.7801448535976085,-2.106869648701942,1.0
-4.237932144649873,-2.2256796127681184,1.0
-3.9144972776588407,-2.2325646657936407,1.0
-2.043948175363312,-0.7310530846532712,1.0
-3.262498109829663,-2.82713036130986,1.0
-2.889910960346787,-3.03098986096341,1.0
-3.6396958937885016,-1.1644540845422093,1.0
-2.3308469475314566,-3.3027600893612306,1.0
-1.7345900228825935,-3.5208329688947115,1.0
-0.9770786145332595,-2.306889318736586,1.0
-2.414165854646108,-2.8810329174938283,1.0
-3.8709914597660338,-1.1970420151336396,1.0
-4.688284968392839,-2.654453703949119,1.0
-1.8116885930598852,-3.2946420086657016,1.0
-4.663575464889929,-2.177225470827848,1.0
-3.064862585232028,-4.063988475351756,1.0
-2.085103824931589,-3.4315630467251275,1.0
-1.4857537910060772,-2.205117986172676,1.0
-3.808756385402593,-3.9099806203469605,1.0
-2.8571785798571043,-3.300406628319635,1.0
-3.109875705039817,-2.12008977385334,1.0
-3.654376918664967,-1.89381210710043,1.0
-1.8806390750943724,-2.2191329698483435,1.0
-2.486949066361173,-5.240328573649133,1.0
-4.0720514078330075,-2.6432786721489103,1.0
-3.1790893272354506,-1.8685730716231777,1.0
-3.340607329568822,-1.1756208496082043,1.0
-2.6087891931813827,-4.029074123323681,1.0
-1.2837469960159957,-4.132113277298302,1.0
-2.697950384844367,-2.72432751406327,1.0
-3.2519407280889254,-4.220308285395797,1.0
-3.087214846426421,-3.163881169839745,1.0
-2.6377046815042684,-2.5501931646952745,1.0
-4.558979806760329,-2.111676521095275,1.0
-1.9990311234374383,-2.528095749701709,1.0
-2.8487747028430257,-2.10878815384767,1.0
-3.111446390608528,-2.163470327354317,1.0
-3.36802591196321,-2.762496967970687,1.0
-3.061063240171439,-2.688570803090003,1.0
-3.858877828167042,-1.5168063267969494,1.0
-4.4657718879282235,-2.328021272114401,1.0
-2.5215554938334237,-2.26553129823169,1.0
-3.6716347742999775,-2.793783477391066,1.0
-2.7976482237425406,-4.177461358866999,1.0
-3.1780902220537044,-3.1802062061092733,1.0
-1.8366989150772663,-2.702152367976491,1.0
-2.5728889634250245,-1.871261910061638,1.0
-2.0076061275776365,-1.5006968307126467,1.0
-2.315558005714729,-3.2215605774813216,1.0
-1.4143168767448286,-1.9766542673232648,1.0
-4.408541766739705,-3.8211802514844204,1.0
-1.6799807717856656,-2.702337439305388,1.0
-3.7110262923288477,-2.085766629047603,1.0
-3.9810538862475586,-1.1734875474960806,1.0
-4.125081854953688,-3.897742414587236,1.0
-3.3724648071442447,-3.94101796670918,1.0
-2.618303772824393,-1.4153353203977712,1.0
-1.7547402293479515,-1.492635138214058,1.0
-4.716722358357889,-2.802582270550122,1.0
-2.7272732214228457,-2.5481423485793875,1.0
-3.8862579632088248,-3.343441952257227,1.0
-4.129243051785588,-3.1330584329236193,1.0
-3.498653418124481,-4.530250852467409,1.0
-2.915129259742252,-2.974857003906608,1.0
-3.5939425200976354,-2.873769323480497,1.0
-4.11120287289023,-1.135808771712326,1.0
-3.3717221438008047,-1.6465056211926175,1.0
-2.4784288339320977,-2.5034642214865537,1.0
-2.6404735160598567,-3.8452664012125863,1.0
-3.4612136523691905,-3.4328292729997303,1.0
-3.1631242415631533,-3.195200337964553,1.0
-3.694747463749635,-2.0701054693189804,1.0
-2.797120135724887,-4.486017044783872,1.0
-2.220754410555964,-3.17846276119402,1.0
-3.7117128666947883,-3.0458094575115746,1.0
-3.4549310199841834,-4.325615274759837,1.0
-2.4913871904987532,-2.142123304696631,1.0
-0.7244534951594046,-5.065995822499336,1.0
-2.384432785264761,-3.195070336242225,1.0
-3.16253020200759,-3.033001063755089,1.0
-3.9377876955719078,-1.7086907156054325,1.0
-2.0442100401021293,-2.3720877197019874,1.0
-3.7358981486443605,-4.6327184352943425,1.0
-3.186438787129622,-3.8247055436314765,1.0
-3.349583484964821,-4.372950892288005,1.0
-3.0798201323721712,-3.0935258216226553,1.0
-3.855893909743201,-3.688449006942148,1.0
-2.1419743210320665,-3.192836199058042,1.0
-2.606112083969079,-3.9936871177731943,1.0
-3.274076644437333,-3.647982621918893,1.0
-3.216523723547752,-2.325370642316587,1.0
-3.305745604130382,-2.320935412925623,1.0
-2.8926594412305575,-3.8710085895553603,1.0
-3.7026202078303894,-5.151956011363398,1.0
-3.942655526546737,-1.9994074471895864,1.0
-3.20507646923493,-3.03760458638971,1.0
-2.4222035053508124,-3.570292186196885,1.0
-1.617741665080515,-4.037456675461445,1.0
-2.8352294284734567,-3.281096595489878,1.0
-2.268482978634588,-3.135687657214434,1.0
-2.2672023308209672,-2.3740396206646337,1.0
-2.7101320281573162,-0.9697647605044248,1.0
-2.587159562281394,-3.558564531564404,1.0
-3.3538645671633023,-1.8312380996091675,1.0
-3.6583052496291986,-3.474029476881132,1.0
-3.8606080019360105,-3.4163783500520433,1.0
-3.1704935363169007,-4.6929753011288415,1.0
-2.7612035345062056,-4.500024631118641,1.0
-3.3138586732678967,-4.718896783784825,1.0
-3.042660360613514,-1.8806439677742748,1.0
-4.337903445262716,-2.5025260174490356,1.0
-0.961580201124002,-1.564418627239459,1.0
-1.5581515895424911,-4.212961909065705,1.0
-3.1536394757616044,-3.215085477595632,1.0
-2.7399555823156816,-3.3113458652425827,1.0
-1.5042763276780307,-3.079339780368825,1.0
-2.287381455018973,-4.188331461241641,1.0
-3.513714935124022,-2.1919395864122624,1.0
-2.5394404599028335,-4.005395482516849,1.0
-4.2397305984622236,-3.425022610757548,1.0
-2.7540277816618817,-1.767182126933857,1.0
-2.736176857424624,-2.8097530846446293,1.0
-4.680261381868284,-2.1423776153174137,1.0
-2.076880006037734,-3.087156619526348,1.0
-2.6031049557545654,-2.0525314293500956,1.0
-3.293846578956173,-2.5814693889453055,1.0
-3.2409552796616854,-4.869428260096845,1.0
-2.2406290402518847,-4.399384609743274,1.0
-3.530667015267802,-3.8860840325028656,1.0
-3.5648769788969035,-3.0623757099287277,1.0
-3.669658613358711,-3.8745725436359515,1.0
-2.2907592311883507,-1.9378886006146228,1.0
-2.4269930627791747,-2.5004647678627614,1.0
-4.0270095690921295,-3.1225511768234204,1.0
-2.863010999264825,-2.8632317566877723,1.0
-2.7384416137092025,-1.6540358596879943,1.0
-1.9336807330328132,-4.377206856372419,1.0
-3.366563242124878,-2.176226509384771,1.0
-3.4729001981477263,-2.697875219433516,1.0
-2.5289077745291486,-0.45107983136283947,1.0
-3.477702774853562,-1.9704433723990729,1.0
-2.4016704197210217,-2.637348191421424,1.0
-2.7907900790301468,-3.1117850515773435,1.0
-4.558424550317911,-2.373610107095235,1.0
-3.2279713271993415,-3.794494399894172,1.0
-2.8099331146198425,-4.5595654345311685,1.0
-2.3630849331742194,-2.8457493403542435,1.0
-3.4519203706384447,-2.663883247468699,1.0
-3.739056505847263,-4.181340437709267,1.0
-3.7686645037993443,-4.6404668226226455,1.0
-2.828137164764079,-2.485942619931935,1.0
-2.9733165226701903,-2.3348132289727803,1.0
-3.625708358006306,-3.6737862147157068,1.0
-2.5979966719187915,-4.293042120322656,1.0
-2.8148883072866777,-1.874439002681,1.0
-3.5235879294062116,-2.1261131696747317,1.0
-3.52110836686172,-2.84221694874365,1.0
-1.4391704806294878,-0.6639568329104582,1.0
-4.934785533385604,-2.617030547330394,1.0
-4.377247695628606,-3.024914652088625,1.0
-3.1877552367465114,-3.6654093690675924,1.0
-2.114493437705566,-3.27511089511237,1.0
-3.7816760538530825,-4.26598237613251,1.0
-2.478961476667694,-3.6466140773560984,1.0
-4.586831380391381,-1.4210065235833562,1.0
-3.2312598438571727,-2.8132415703810545,1.0
-2.729485886426877,-2.433024328056967,1.0
-2.2255498725496317,-4.613209438418849,1.0
-2.4597248195088475,-1.3252573127417007,1.0
-4.694730863362301,-2.3131586978349237,1.0
-2.9907884005527396,-3.2643157825296263,1.0
-3.64654165764714,-1.4686002913801985,1.0
-3.0959704434107858,-4.560274156996129,1.0
-3.2834613051310955,-0.7408620705324265,1.0
-2.377018636037623,-3.1702746264015578,1.0
-3.026677389110643,-4.293615817025512,1.0
-2.781019556563968,-3.6538002299616874,1.0
-2.9449304974566095,-4.192767707366926,1.0
-4.996528929537345,-2.10839267093829,1.0
-2.9661087458849127,-3.3879015086547235,1.0
-3.035238037449463,-5.053474685798562,1.0
-2.5615320244663993,-4.511516803266279,1.0
-2.582433220371485,-4.6197957148148,1.0
-4.623167342895296,-2.070387099782139,1.0
-3.978852255061811,-2.6705530408026235,1.0
-2.92786043251496,-4.033292407250157,1.0
-2.511829205782302,-3.3966047582557577,1.0
-3.2832943088291153,-3.046906838472959,1.0
-2.5417456436722055,-3.4290603299951963,1.0
-1.237431157222363,-3.586820376621721,1.0
-2.549242141078606,-3.5925503904003993,1.0
-1.7477124559976585,-1.3049864907700428,1.0
-3.246132600825574,-3.4709569056717,1.0
-2.4414288386033687,-1.43236592777124,1.0
-2.0795717560536344,-3.3639567336308773,1.0
-2.061153810197929,-2.380870293515067,1.0
-4.833682128434146,-1.951637003207145,1.0
-3.5192995743088717,-2.9588478360258623,1.0
-2.2261995195278232,-3.3804478058385645,1.0
-4.311177730420644,-2.3622315221440227,1.0
-3.738406442319359,-3.3690095781616463,1.0
-2.4795116083396493,-3.1519861803431013,1.0
-3.664787916249677,-2.2239471381003124,1.0
-4.036775591771034,-3.598817728557389,1.0
-1.7659967756368675,-1.7560067675827538,1.0
-3.4474399309049253,-2.665505249975293,1.0
-4.0023623092603255,-3.0100169339496072,1.0
-3.9908975732990104,-2.66432780326598,1.0
-1.8724144493820247,-4.050354090959388,1.0
-2.7053781736029885,-2.087499080291064,1.0
-1.8129092590211933,-2.6345000863975208,1.0
-3.2280049994330176,-1.0015670780662709,1.0
-2.918068070029201,-2.447334080694583,1.0
-3.8119241582780288,-3.3552455082355923,1.0
-2.1715831617484143,-4.131581984901639,1.0
-3.9290279922575166,-3.6195805727344568,1.0
-1.3479346170651039,-2.1075173867483863,1.0
-4.004909969312312,-2.7797356713348673,1.0
-4.2073474336723775,-4.38294938028794,1.0
-2.6884194401853407,-4.499298076844738,1.0
-3.683967689904891,-1.7052707783989491,1.0
-3.4562227860169377,-3.1343805255258097,1.0
-2.055129674412486,-3.071354795024957,1.0
-1.6542146844975605,-3.2034545749410848,1.0
-2.925095443196245,-2.783625135691483,1.0
-3.270607559375557,-2.389292429299559,1.0
-3.3016264188011366,-3.4657916877634736,1.0
-2.6132541867455688,-1.942979279375906,1.0
-5.0939975184482496,-4.260763834380652,1.0
-3.08634813349266,-1.7665828695524195,1.0
-3.9640814730711718,-2.64362266727182,1.0
-2.7615883693821974,-4.088878566122769,1.0
-3.1910930126612156,-1.5843720864503057,1.0
-2.9130376349715488,-2.6263064926848574,1.0
-2.839369379430156,-2.09962253637653,1.0
-2.628627588170217,-4.892281439964262,1.0
-3.718389965734349,-3.6999998202085123,1.0
-1.9390608560317224,-3.21959468855894,1.0
-2.880294848369796,-2.9512623082868528,1.0
-2.824919049213015,-2.245247491320472,1.0
-3.043185112569485,-2.195997642892704,1.0
-3.515913268776461,-5.091473060247004,1.0
-2.4782661119462053,-3.5571739930698727,1.0
-2.7951752221072486,-3.401920654880135,1.0
-1.1449272387708755,-2.645623341481548,1.0
-3.6676039239136125,-2.1457213135043665,1.0
-1.7368338082604926,-2.2332200396682578,1.0
-3.0151081189233557,-2.203117154018413,1.0
-3.065368343411547,-3.2820497968923337,1.0
-3.7867706792885327,-2.4522227047411955,1.0
-2.65969388271657,-4.597239997914674,1.0
-3.16158108259596,-2.507102858861823,1.0
-2.5660173555873955,-1.6046764525638706,1.0
-3.830505319740584,-4.406998944422631,1.0
-2.8079785719195933,-3.0336427005352586,1.0
-2.9801599150306193,-1.9031376256629444,1.0
-3.401433836734065,-2.3351438955843555,1.0
-2.90253548057041,-1.848060687329026,1.0
-3.0053727039596243,-2.750540070959623,1.0
-2.506562083281886,-1.6772065366504056,1.0
-2.2109560184662786,-2.4708886970271435,1.0
-2.548974018142528,-3.1246038412298973,1.0
-2.8575918460769207,-2.763327905734869,1.0
-3.9359133547762193,-2.2079740531005125,1.0
-3.6073967532804496,-3.1007755631738343,1.0
-2.201962265738186,-3.21212757342762,1.0
-2.6171546144969393,-3.0061153457844623,1.0
-3.3495743305093835,-4.555520840237548,1.0
-2.205338883613842,-4.21505946051927,1.0
-3.584599314590099,-4.144226758178028,1.0
-3.768151014157162,-2.5295519440004037,1.0
-2.0977012583877466,-1.4354395289889006,1.0
-1.7880793993970574,-3.6507936804820416,1.0
-3.447805026922669,-3.0128358667209785,1.0
-2.34575842540959,-2.752428690898638,1.0
-2.21649168306164,-4.96443095110054,1.0
-2.8753329498261464,-2.7318504773839924,1.0
-3.1759173621216554,-1.8945595166261002,1.0
-3.542649656249186,-3.8079193100890265,1.0
-2.862264921205516,-3.1245257363446663,1.0
-3.230339394337906,-2.308652007996147,1.0
-2.045773479730016,-3.833359876545148,1.0
-2.0183266046454857,-3.0390476101764508,1.0
-3.043938401040953,-2.190574927922195,1.0
-2.524252624722744,-4.771546051044637,1.0
-2.629626018201955,-2.7615270835801096,1.0
-1.5917660355382492,-3.4909333521464285,1.0
-2.9981111957124087,-2.106446506051171,1.0
-2.6404790162364216,-1.3480301312873044,1.0
-3.119802693847921,-4.279150563155252,1.0
-2.4316796460942185,-4.335372419033194,1.0
-3.417442092699983,-3.6320267512429534,1.0
-4.059566857518207,-2.4686885818525943,1.0
-1.2052184208627243,-3.061275171064642,1.0
-3.60597891161257,-1.596534057787638,1.0
-4.068473738595101,-4.235864487987458,1.0
-2.601354222931721,-3.7990252067409083,1.0
-2.951206157359574,-1.326224170137657,1.0
-3.968237365720848,-3.125951112889495,1.0
-2.86034510943779,-1.150549795349062,1.0
-3.5279741753877785,-2.2959175278093396,1.0
-4.120324080854559,-2.8460877366285997,1.0
-2.576072355659884,-2.4488835403312317,1.0
-2.904824124672476,-4.608379147412779,1.0
-2.42938484173835,-1.8703344132697677,1.0
-3.726072496086295,-2.7011842665783643,1.0
-2.232880932573849,-4.804134812193175,1.0
-3.8706370571730893,-2.9658269325828672,1.0
-2.959168429431927,-3.218394868217687,1.0
-3.4041250165044534,-1.9782872238567086,1.0
-3.7784317491015886,-3.6177019944601696,1.0
-2.4608800727216273,-2.6224489069109254,1.0
-2.536180049400986,-3.61520298081388,1.0
-3.205510273022062,-4.915508666265659,1.0
-3.178244060239155,-4.300901117380206,1.0
-2.9630902934232544,-3.115947172806837,1.0
-2.9254212264639308,-3.3371852083579636,1.0
-3.7975159063392563,-2.6624560011872864,1.0
-3.234777190036778,-3.4211131585941494,1.0
-3.7799795465465684,-3.976808615418083,1.0
-2.4836968789267817,-3.2597953300936644,1.0
-5.063622745851479,-4.5665773751931225,1.0
-3.106895120578404,-3.0833275754130893,1.0
-2.4006183419806724,-5.057395326296371,1.0
-2.8287743393352316,-2.6970099560721024,1.0
-3.623319392134346,-2.648257470352066,1.0
-5.327759078037677,-1.8953437878757418,1.0
-2.6920486043104765,-3.4596477688284843,1.0
-2.15079782232639,-2.425528913105709,1.0
-3.1188017587045387,-4.518173038142883,1.0
-2.240332249210459,-2.736097549099774,1.0
-2.804865262036366,-3.655428276010791,1.0
-3.0167186651615117,-3.508918803569492,1.0
-2.5807302464720756,-1.5422774151870564,1.0
-2.9868515246542593,-3.7294702783340137,1.0
-1.8687747035553524,-2.572875041509223,1.0
-2.423541637488611,-2.9930673230977995,1.0
-2.9508944899405325,-2.1943403480984136,1.0
-1.372479628047291,-3.9923123448821287,1.0
-3.476394709757827,-4.340652591494093,1.0
-2.556714349264347,-4.1089007365574455,1.0
-2.5163958680007688,-4.372654239965337,1.0
-2.0712484187896463,-3.3588944591714043,1.0
-2.676051553602543,-3.1575870452747536,1.0
-3.1939966591573423,-2.4363605236501877,1.0
-3.037320092111145,-2.477290249648995,1.0
-2.564586888234473,-4.39402109899428,1.0
-1.0298857226230869,-2.5398558098111153,1.0
-4.3439507833962265,-3.672556826513917,1.0
-2.1077663435103258,-2.458451570990106,1.0
-2.042948399810563,-5.246408751979773,1.0
-2.249042345435649,-3.211628374057875,1.0
-2.9425113226487336,-2.801704358863336,1.0
-3.381484750682263,-3.4079128601948443,1.0
-3.4272492628241,-2.923600018166952,1.0
-2.1384917947934037,-2.0417864116933004,1.0
-2.209552028347446,-3.2746663030798784,1.0
-4.411546868768563,-2.201634648239914,1.0
-3.7469923225912467,-2.3702449216302846,1.0
-3.112200931224181,-3.6640265323005963,1.0
-3.4500304679020406,-5.316897762603679,1.0
-2.394445854845113,-2.9797015201925374,1.0
-3.45725200830576,-1.8836157350078555,1.0
-0.47049575257181564,-1.9834352927826193,1.0
-3.407910045733607,-2.723364684659276,1.0
-3.7795710533578077,-3.516437912509114,1.0
-2.061628355305517,-2.3641972450540476,1.0
-3.2199822567977594,-4.204849084785891,1.0
-2.1906228089938415,-2.641551162282323,1.0
-1.8093123397539175,-2.105495429960844,1.0
-2.0358950293687497,-3.0716621938306865,1.0
-3.388427915056943,-3.9660136986495242,1.0
-4.380392983396325,-3.0584155180840664,1.0
-1.5163227107174775,-2.694555805043459,1.0
-4.189069839983723,-3.9050225386077506,1.0
-1.1664505043365454,-3.378293226024711,1.0
-3.116917287822949,-2.2453308141363277,1.0
-3.2392267391577696,-2.1354666382762924,1.0
-3.462699946080508,-2.8898730958042544,1.0
-2.9313589661310444,-3.737717789035293,1.0
-3.57623027424932,-4.946007204916242,1.0
-2.5972995413559286,-2.748971468207167,1.0
-3.068519278149505,-4.368845315094392,1.0
-3.9767882516557407,-2.865874763112428,1.0
-3.855357490021877,-3.56759442878983,1.0
-3.26596906880139,-2.4185002032248986,1.0
-4.971169521536653,-4.00986611386254,1.0
-4.420649950524406,-4.311281417991855,1.0
-1.871043199797253,-2.6747050864398147,1.0
-1.9075847039622833,-3.0381972226104614,1.0
-2.15627881511729,-2.367942108467973,1.0
-2.3908155982118453,-1.8366922412056483,1.0
-2.57359560999346,-3.431023118361096,1.0
-2.58115818387187,-2.33023332859221,1.0
-3.589046575385131,-4.476005249541219,1.0
-2.0604850155533136,-4.129622542610248,1.0
-3.8476279523183563,-3.0056005197102085,1.0
-0.7208338112643942,-3.340699403178192,1.0
-3.456081325445276,-4.994471162131495,1.0
-3.8476272176296176,-1.4155011240858664,1.0
-0.04403023682578988,-4.9462987251789485,1.0
-3.958787638392509,-3.4242925810245315,1.0
-2.2799647561891927,-2.167901828312155,1.0
-2.6861238211364276,-3.2047966870503646,1.0
-2.410299129518204,-2.4716269004060822,1.0
-1.9571297862969483,-3.707703206578152,1.0
-2.277499259223057,-2.891922409905362,1.0
-4.376239692298956,-1.7644323045765042,1.0
-2.6912178662473236,-3.435541754808133,1.0
-2.719525913539741,-2.5815460497928853,1.0
-2.302762651941673,-3.2430683665547804,1.0
-3.0051293295625396,-2.8880796466578835,1.0
-3.7460772068090464,-2.5853776267591484,1.0
-3.8029354348671967,-4.113349826036561,1.0
-3.103367287531459,-3.973985408746265,1.0
-4.086486582576475,-3.5708611432197253,1.0
-3.4995823661294443,-2.393978436197578,1.0
-3.4299956299066077,-2.15308218419465,1.0
-3.2329855973577946,-1.4579400857466258,1.0
-0.8607795308831219,-3.3652356470251927,1.0
-3.860671234942757,-3.5006334710921054,1.0
-5.463254578776575,-2.893445131876932,1.0
-2.692489137942676,-3.995923573237821,1.0
-3.742506955270304,-2.1400703591666295,1.0
-1.9705742148110361,-3.8644442893353372,1.0
-3.1466047525194285,-4.022476527643974,1.0
-2.914381422606891,-4.244840001324177,1.0
-4.204402521480624,-3.6061289312808102,1.0
-2.9446013848053094,-3.2922275246707593,1.0
-1.8480226997544036,-3.695461872240665,1.0
-2.2050937371521186,-3.9500452249911326,1.0
-2.8362052607921213,-1.6634671469526794,1.0
-4.104783381284406,-3.2865956123126403,1.0
-2.556410415660339,-2.706479521250002,1.0
-2.6541384112689776,-2.5875525140700995,1.0
-1.8414468577245784,-3.5154076058741235,1.0
-2.729038986861188,-4.171485950511431,1.0
-2.481932974273531,-3.514171338272009,1.0
-3.3364323943692367,-2.666177465718535,1.0
-3.508327570534359,-3.912095999835624,1.0
-2.5704393981359583,-2.5326559328291416,1.0
-2.7677478660538215,-5.443945637330994,1.0
-2.753414692186625,-3.038585965580279,1.0
-2.8763152756885235,-2.4486151245006176,1.0
-4.85572335633837,-2.0341133662507036,1.0
-2.4618336600249444,-4.351485029207371,1.0
-2.3897039882208544,-2.710497159851691,1.0
-3.53553648919479,-1.504247809021481,1.0
-2.3842361554404823,-0.949044067632117,1.0
-3.146558368091418,-2.9972691431071334,1.0
-2.8919799997298257,-3.8572418133227937,1.0
-3.6182093186304973,-1.6408075586181643,1.0
-3.0226525295481204,-2.3968433660068933,1.0
-4.4358581890475755,-1.2184492702231835,1.0
-3.264175163088785,-1.3589085627987696,1.0
-1.347801075036469,-4.485287415926488,1.0
-2.85195848521235,-2.5671690403742904,1.0
-3.2895356547503245,-2.736880028738104,1.0
-3.3205575847565947,-2.1604268974832688,1.0
-3.6117255399468147,-2.9737568409012223,1.0
-2.885006787000303,-1.1947330149410418,1.0
-3.8944067914876417,-3.1733948214637344,1.0
-2.309889751431622,-3.1802427854017856,1.0
-2.228852159527051,-2.03233379142852,1.0
-2.3779255304482803,-3.104005054525139,1.0
-2.121147617899428,-2.9930212393294697,1.0
-2.1494793380150443,-3.9480912335168785,1.0
-2.708025571776685,-3.722662181008238,1.0
-1.791257785266189,-4.1593126322204945,1.0
-2.565484809751076,-3.4484433022090117,1.0
-3.5255368897372765,-3.808527497225824,1.0
-3.055141491746303,-3.998182697404859,1.0
-2.197346733959053,-3.3142159704504617,1.0
-2.5768655648449834,-2.13050986877294,1.0
-3.4734055949299574,-4.027809414958467,1.0
-2.9548281355794273,-2.6750095876064837,1.0
-3.6898137856382047,-2.193646289127517,1.0
-2.263761380091449,-4.267397417854977,1.0
-1.7952663397434916,-4.026565723260685,1.0
-4.415007203576933,-1.3632580024795524,1.0
-2.6271750687134925,-2.7680468799794458,1.0
-3.961622718709295,-2.4931342203348894,1.0
-4.250430273887033,-3.4503490250460964,1.0
-1.826372377574816,-3.4247441849417974,1.0
-1.9846617951078263,-4.844785616646893,1.0
-2.805445564642183,-3.4349941804460133,1.0
-3.4524239989685794,-2.150983094976183,1.0
-3.2545746413223218,-3.386478508052404,1.0
-3.549923387122436,-1.191901543523912,1.0
-1.2139063671586046,-3.35320889684748,1.0
-1.245700518005268,-4.535121580742037,1.0
-2.25852550371288,-2.3205532282415016,1.0
-2.9335216427190827,-1.9519844252023568,1.0
-4.107587642201397,-3.7209108412518166,1.0
-3.18686599933635,-2.014639772211344,1.0
-2.9811083433871355,-3.4456574651728875,1.0
-3.610026746577331,-1.7344701270606167,1.0
-1.7676066217974902,-2.063303940645191,1.0
-1.320593433925076,-2.9086668097964856,1.0
-3.135801641072507,-2.1135840689773526,1.0
-2.070253683930982,-2.1042512713900323,1.0
-2.7271123160720236,-0.5619563653924016,1.0
-3.670674400252266,-3.0159914511272583,1.0
-1.9473406317686606,-4.5032624209711205,1.0
-1.5759272612862851,-3.6495363426026914,1.0
-2.4921263986531796,-2.3559016125366314,1.0
-3.388427758559475,-3.478480669857913,1.0
-2.2574489013627703,-3.5790245806535896,1.0
-3.2138789984777945,-3.0299992736824755,1.0
-2.1887498601598594,-1.224708287165305,1.0
-1.661097656799438,-3.895205597104137,1.0
-3.571827845278527,-4.665893636838617,1.0
-2.4595673188778453,-1.345814155285024,1.0
-3.246923692539792,-2.4375945020018572,1.0
-1.9385873371502624,-4.5926885667906685,1.0
-2.950510438399356,-3.37830229044913,1.0
-1.6230201870952,-2.4827475123894405,1.0
-0.7545033400269117,-3.1618003855000913,1.0
-3.7058663199566095,-3.4969378044112034,1.0
-2.6949387771638458,-2.8786468745309612,1.0
-1.9025286405199844,-1.0352806214328922,1.0
-3.1612312655882278,-3.2007843133315137,1.0
-2.408202363009382,-3.5351889713632474,1.0
-3.3296692467431774,-3.102927714991454,1.0
-4.38789977931822,-3.57214541105097,1.0
-2.3243393974561153,-4.604625884037777,1.0
-2.311607114844789,-3.0677550694037796,1.0
-3.7028923608090665,-3.111118261663121,1.0
-3.306393714626703,-3.6553051661914266,1.0
-3.144539976718565,-3.7607275515290324,1.0
-2.3620372741830957,-3.4020795240110178,1.0
-2.0954997792412535,-1.6161850375768418,1.0
-2.522771862256798,-0.8507036487080915,1.0
-3.9766201763829976,-2.230240385069333,1.0
-3.2603189982835867,-3.222285288750066,1.0
-3.163283567844188,-3.939818487180953,1.0
-3.2397312605698936,-3.2279535584256727,1.0
-2.1162413032027176,-1.3339837166386572,1.0
-1.8142824236445232,-2.4112572507267296,1.0
-2.1170653579577707,-2.299848734243947,1.0
-1.7257135841639266,-3.4583178632591114,1.0
-2.9281873495155857,-2.674915376646461,1.0
-3.43825280179575,-2.3085280873521055,1.0
-4.030177622759341,-3.2240273874892234,1.0
-3.2622782780183313,-4.35227922862835,1.0
-3.7226531775240383,-3.1778489463643664,1.0
-1.3360537357987843,-4.560693913482373,1.0
-2.216967631805879,-2.339982379741558,1.0
-3.820236459777276,-3.4079022779777395,1.0
-3.1523193233635696,-2.3827311192658875,1.0
-3.4987367719389666,-2.983964342495593,1.0
-3.5621640992894075,-1.5697924253964541,1.0
-3.3300903762662992,-2.4187757701583115,1.0
-3.287800386701385,-1.7125514880754036,1.0
-3.374037219961137,-2.3648836752612077,1.0
-2.9477746581582465,-3.7892662950538294,1.0
-3.2599767751580107,-4.089926465378921,1.0
-1.9561687362776572,-2.0716357947795627,1.0
-2.9674197655118895,-2.7341053784935436,1.0
-2.999450347679464,-3.9830380907947527,1.0
-3.387213071395348,-3.1413729711091576,1.0
-3.1050994013922826,-3.2293041361794863,1.0
-4.142794257866237,-1.859853815983251,1.0
-3.2287070850901314,-3.1471214159308962,1.0
-1.8928212942823617,-2.611319534357801,1.0
-3.630158316596427,-3.2283173182677656,1.0
-2.6995386091640534,-3.600869120440174,1.0
-1.8979818127997,-1.9391148099397155,1.0
-2.746645253260366,-3.4731703749873573,1.0
-3.2938495585283403,-2.2579308145015915,1.0
-2.416801394546085,-1.682448915787527,1.0
-3.024385115484366,-2.510241923600166,1.0
-2.2067614652497345,-3.5021246019750607,1.0
-2.7131096148946408,-4.181144549915624,1.0
-4.434503540176109,-0.5951620055517646,1.0
-3.4855436446282937,-2.097031094760408,1.0
-2.781199499874751,-2.4129659924104407,1.0
-2.0455679059027885,-1.0763678008286275,1.0
-2.281722548005768,-1.7249598907682553,1.0
-2.171721081469996,-2.163572002932143,1.0
-3.144384734662312,-2.871960268492976,1.0
-3.5740771254680723,-3.0136794643131566,1.0
-3.5153559817517337,-1.597389913028503,1.0
-3.6301192869245895,-4.032745023117208,1.0
-1.0253357961739635,-2.025243095659246,1.0
-1.3491959308789558,-4.62660324720485,1.0
-4.072571746425992,-4.086898350159142,1.0
-2.6295798177117806,-2.980918220145378,1.0
-3.108900327094122,-1.5387978433827145,1.0
-3.265258673860837,-2.9107978420719403,1.0
-2.4393573981004195,-3.149489695698051,1.0
-3.4417406995690962,-3.5839014043065682,1.0
-3.4216966937696456,-1.8987512954816428,1.0
-2.544276747348569,-2.610087567496469,1.0
-1.787051751865707,-2.99391389905043,1.0
-1.148461240180263,-1.4739278461188752,1.0
-2.5138136221846143,-4.256369882586519,1.0
-3.7680417432615068,-1.565176237974736,1.0
-2.331913856455503,-4.229818282227203,1.0
-3.3339698897622094,-3.5831633501021054,1.0
-2.9784076141597526,-2.253151766938613,1.0
-1.5767782006423456,-2.3470919752547785,1.0
-1.7206151527275866,-2.4663153710961345,1.0
-2.1732822328158115,-3.195435771844828,1.0
-1.486461164457874,-1.9755261803040802,1.0
-5.0866237559815755,-2.326909669260817,1.0
-3.6046462113673634,-1.7560943836011427,1.0
-2.397648991904194,-3.061103133179502,1.0
-3.016113606768952,-2.4059263861109077,1.0
-1.9573731830508532,-1.6496848247886209,1.0
-4.049095760211643,-1.2614570063602422,1.0
-1.8958124101501235,-3.4481390318181795,1.0
-2.50455638638706,-3.9808964772476774,1.0
-2.865583865770772,-3.8337377023198664,1.0
-4.454124961022463,-4.058086444347045,1.0
-0.9814520021773796,-0.13523890170749464,1.0
-4.040274262908262,-0.9801856793644381,1.0
-4.225800263820816,-2.805143202183821,1.0
-2.4133858979936944,-3.7440169703610136,1.0
-1.9728954361252578,-3.055699392313947,1.0
-3.0839712715425316,-2.753312120323556,1.0
-3.7416090473484025,-4.4547040535925735,1.0
-3.39548158549373,-2.8508391861199063,1.0
-2.6018315116561244,-2.4803934614325955,1.0
-3.5049386393424866,-3.635256023925075,1.0
-1.8710931316284227,-3.128559342166717,1.0
-3.708989430472384,-2.243774477987273,1.0
-4.412825531162313,-2.8324621218891,1.0
-1.5642876601359914,-3.576591415578861,1.0
-3.6062384402885597,-2.858162274640344,1.0
-2.5408819643848095,-1.57701407634799,1.0
-2.5016605031695596,-1.5582259175466249,1.0
-3.578235808400012,-3.8744000508224863,1.0
-2.431065432903027,-1.648585986893412,1.0
-3.376323839844182,-3.1322584160607065,1.0
-3.618568373910094,-2.5838352023597833,1.0
-3.039563967349082,-2.2072237394036103,1.0
-1.418951780091746,-4.311000060425348,1.0
-2.713927331705237,-2.678279406400522,1.0
-2.16258720161038,-1.8092598355051952,1.0
-2.926377743140507,-2.8075182151286766,1.0
-3.4680683954264997,-2.667165201749539,1.0
-2.6850667456491246,-2.136021178493898,1.0
-3.1200173438237924,-3.2114176813224375,1.0
-3.3939043410887595,-2.9150018421939445,1.0
-2.3091967636416837,-2.6400393618814233,1.0
-2.6052272474176528,-2.5405450352290853,1.0
-3.5591941531357048,-3.44382786845222,1.0
-2.195302151222287,-1.9921060606734715,1.0
-3.0064997083536005,-3.584751386115222,1.0
-2.240216190885163,-3.581240996973725,1.0
-3.5942886182649825,-2.9560114802347526,1.0
-3.7764005401076677,-2.19313698031356,1.0
-3.412280135628147,-3.9493742466586568,1.0
-2.9751707198493205,-3.216937851296897,1.0
-3.169063284756293,-3.8221922983062866,1.0
-1.8512183182988555,-3.3271114434397564,1.0
-3.7166692298465693,-3.6576181721962455,1.0
-4.779594640338463,-2.93645651486641,1.0
-3.007226865652668,-4.524814510092161,1.0
-2.546693016842876,-2.4231188168686946,1.0
-3.315270621635338,-2.1999573167461266,1.0
-2.8011713587679496,-4.106175839531713,1.0
-3.698486772872919,-2.940361751755331,1.0
-3.833939525516798,-1.985640028124593,1.0
-2.4880438698339615,-4.2435936244896,1.0
-2.4460677733853555,-1.3313330955691358,1.0
-2.474691810682292,-2.6994055177654848,1.0
-2.5002890403451765,-3.611748710539706,1.0
-2.6239223430578122,-3.513809366603133,1.0
-3.1291898444756856,-2.825608997786847,1.0
-2.372240300577726,-3.109718608955961,1.0
-3.7424823832738534,-2.431513060157019,1.0
-1.8792978306504122,-3.4685183934740897,1.0
-2.191474847284366,-3.4951673381739865,1.0
-4.335174564440441,-2.766214060102291,1.0
-2.2638317467524476,-3.6072315931229006,1.0
-2.263997777826054,-3.2594534436653184,1.0
-0.8330603927139362,-2.174749685659307,1.0
-3.9351611317425306,-4.5163589669588236,1.0
-4.192216818293704,-2.806077326413975,1.0
-2.081613955936776,-2.4168675614391835,1.0
-2.5974397352189724,-1.9212047959688041,1.0
-4.210723583263817,-2.910929208653703,1.0
-1.1695125311479564,-3.092985607831079,1.0
-3.320745955964303,-4.083775417794051,1.0
-3.365138731386698,-3.4021304027442563,1.0
-2.297389744680447,-2.1018732229530004,1.0
-0.9627955693265813,-3.9181725598315333,1.0
-3.4327202356122957,-4.852783422320662,1.0
-2.4614607083208755,-1.8834770554647393,1.0
-3.8906271578610157,-3.2366157763794945,1.0
-3.0378420455806796,-2.151114477928915,1.0
-1.4298598592710916,-3.929003459910203,1.0
-1.66176986697823,-3.0265967936656795,1.0
-3.3996346141715534,-3.4788819848583747,1.0
-2.181091344912891,-2.6461707039178135,1.0
-2.8419979340045955,-2.8739580928068875,1.0
-3.070594896742721,-2.358459771319239,1.0
-4.602061803151917,-3.2016226797559404,1.0
-3.37931937235865,-2.0523700816304675,1.0
-3.9370805995181333,-3.6409566537997295,1.0
-2.7213197869418186,-2.184433271870284,1.0
-3.7270767992068405,-1.8796122644673035,1.0
-5.017357861631048,-2.756609520645743,1.0
-2.688391161916398,-3.7821167583419544,1.0
-2.47314031439394,-4.7282264828894505,1.0
-3.6661924098898444,-3.21960452060241,1.0
-5.083087953241927,-3.985860839007561,1.0
-3.281588009442255,-3.4794596276634646,1.0
-3.7625765667497464,-1.0117183970250387,1.0
-4.274787738301427,-3.1966717389938544,1.0
-3.1581202758477214,-4.285433527338407,1.0
-3.3459157598927134,-3.542013920700617,1.0
-3.7036541077922482,-2.126990294500793,1.0
-2.7185394338336106,-2.7766288737107674,1.0
-2.900783237136774,-2.37526516615198,1.0
-3.3687563514442735,-1.3184892859494353,1.0
-2.8171544959487034,-3.0620180862911486,1.0
-3.0762511189321087,-1.6476643673109919,1.0
-3.8384683568747744,-2.3889230434585738,1.0
-2.9269090947827316,-3.5316611851930033,1.0
-2.458876554226842,-1.7120583583049045,1.0
-3.198930636567375,-2.800568252680729,1.0
-0.7687446408607745,-1.7949721712079134,1.0
-3.0272003404414836,-3.162488001532365,1.0
-2.607700439352425,-4.652826500898917,1.0
-2.8127168204700412,-4.971911331623311,1.0
-2.4335777518820656,-2.5213162291956253,1.0
-2.4688329437321617,-3.4744171956655543,1.0
-3.533603697504187,-4.641538644964825,1.0
-2.7738953438619958,-2.5409977395162002,1.0
-3.2660505177308434,-2.2729491859876045,1.0
-3.51254094804293,-2.916408036344232,1.0
-3.1660309973686545,-3.131341822494078,1.0
-3.1798788812795373,-2.30402241266158,1.0
-1.8198093550823102,-3.156378822269863,1.0
-3.7390958844271243,-3.3143833301341767,1.0
-2.779618582901486,-4.040244223365897,1.0
-2.7882509044753365,-4.213497730190737,1.0
-3.2282756969531166,-2.974116835996812,1.0
-1.9703485699061996,-3.7170910620498994,1.0
-2.5259379698240942,-1.475588720391014,1.0
-4.447707182523578,-2.9295060282934213,1.0
-1.664019143905959,-3.9727286970490527,1.0
-0.8574841423171042,-2.7681927420295604,1.0
-1.2064552364949592,-3.1120761116830495,1.0
-2.573857586293553,-2.6145166681923073,1.0
-3.9848460332210776,-2.6052492488682013,1.0
-2.8514295392423104,-3.6707787112457,1.0
-4.160329923468664,-2.762559345496062,1.0
-2.0815297788895615,-1.185146625669055,1.0
-2.492396416218732,-3.666692782303949,1.0
-1.0033650196802033,-3.37476497075853,1.0
-2.2435679555175816,-4.156363195467673,1.0
-3.739660464246883,-1.8613049848715006,1.0
-1.7735837833615073,-3.0622479423783155,1.0
-3.0566630498564935,-4.379057036483943,1.0
-3.1257529078492694,-4.093042899333253,1.0
-2.7144629241599345,-3.799278280273172,1.0
-3.418933499895464,-1.8683057028390169,1.0
-3.512531743031197,-2.8732143270505186,1.0
-0.8053799259383272,-3.1778430370150357,1.0
-1.888505388020142,-3.666881679385724,1.0
-2.4247103143540087,-2.9895879704951964,1.0
-2.936953272631491,-3.5600125005847127,1.0
-4.278037224460215,-1.7956808683519037,1.0
-2.077023602909149,-2.8597598410214786,1.0
-3.454471245310127,-3.9265942403273675,1.0
-3.205787179189096,-3.639723203337474,1.0
-2.1867474985356994,-1.4908643200347227,1.0
-4.408304761437183,-3.184875209398979,1.0
-3.1108288850456622,-1.6095982906481572,1.0
-2.8158156228009945,-2.801843885390007,1.0
-2.344000563254779,-2.6068982242324252,1.0
-3.398732533425001,-3.4840268978984503,1.0
-4.375890797688493,-2.270712728446067,1.0
-2.8143837011582726,-4.0775403507878565,1.0
-3.782959085253128,-3.672010241577831,1.0
-2.5087196438440627,-2.68452885355324,1.0
-2.00793850069272,-3.262073239005221,1.0
-2.8272633609112465,-2.9677512674514204,1.0
-4.1090926100508405,-2.521717890641945,1.0
-2.787381492666603,-3.034068807326349,1.0
-2.806739938262123,-2.9205227315428335,1.0
-3.660938412487254,-1.3380326191932408,1.0
-1.797670501033882,-4.7959725270928475,1.0
-2.810079303919896,-3.436706450387584,1.0
-2.814942537700187,-3.1700561095260134,1.0
-2.9708940246902955,-2.1507497683666905,1.0
-1.4236134246520955,-2.316474141399858,1.0
-1.6021660651631746,-5.253058378993259,1.0
-3.288597965074857,-1.9929987047423505,1.0
-2.152826842521404,-2.904991235606377,1.0
-3.0298387518400274,-2.3454444069307883,1.0
-2.3560227452299345,-3.486396459957109,1.0
-3.626207491575175,-2.4483492852864686,1.0
-3.1691787535377123,-2.631697607490485,1.0
-4.434728837730299,-3.101717750913406,1.0
-3.007090954275895,-1.5338273709732506,1.0
-3.7787373901728314,-0.9231692238018363,1.0
-4.194701259991243,-3.0402044746168486,1.0
-2.897924411215113,-4.459821353371764,1.0
-3.965983050491571,-2.527271909890913,1.0
-3.5876282537740565,-3.6742757173467666,1.0
-1.2615364622894216,-2.7027180174771073,1.0
-3.882940012884739,-2.5950854684614257,1.0
-3.275205630917962,-2.8479987685162653,1.0
-3.934258929143148,-3.9258729217721,1.0
-1.734671365337749,-4.294743459119512,1.0
-2.8019749914981937,-3.9889167343488907,1.0
-1.978805359742445,-3.0876168891780207,1.0
-2.6137013913706104,-1.7054067788195966,1.0
-2.803866544060944,-3.2692971004371962,1.0
-2.486243114767783,-2.0064646559366954,1.0
-4.601951671011303,-4.742000287373253,1.0
-4.029522573963658,-2.5699916712645057,1.0
-2.560248653800128,-1.5311849417834327,1.0
-2.7185792587247746,-3.8002149002210617,1.0
-3.988509348338147,-3.154482017439424,1.0
-2.909620976886155,-2.871396516864548,1.0
-3.2402691481479784,-2.3526830084867782,1.0
-2.09051003271248,-4.012277073737616,1.0
-2.7703924371683635,-4.105055402481513,1.0
-2.665575175106015,-2.381570691968691,1.0
-3.657081221056079,-2.52476774958775,1.0
-3.2960340741424705,-3.86645108408424,1.0
-3.754171171688174,-2.4357857277276533,1.0
-2.9826404266691124,-3.1172410157190527,1.0
-3.0041245933090264,-3.807349040284965,1.0
-2.371932009634439,-3.742931549586,1.0
-1.8968675921840699,-3.2698980201653667,1.0
-3.0548089310010074,-0.4389065178464513,1.0
-5.011483211819085,-2.805206881017051,1.0
-1.7809521978094847,-3.735942411997387,1.0
-2.4075620838125804,-3.7135276137491076,1.0
-3.763946091295881,-2.436047434086955,1.0
0.7818233097893987,-3.0645947341066373,1.0
-2.925270520587121,-3.0366920051855217,1.0
-3.5638479251973347,-3.40105603837084,1.0
-3.388143596618062,-4.080539275025588,1.0
-2.1022908238831635,-2.9162059601086,1.0
-3.5402075244444418,-1.1309308234493434,1.0
-4.327084040924824,-3.1031790844012557,1.0
-1.8629429335808299,-3.083995947380607,1.0
-3.0188304955480256,-2.4525866840426556,1.0
-3.4503412165760152,-3.0058306941505477,1.0
-2.1870314149371763,-3.789565854262879,1.0
-2.8843242557861823,-3.4253087629633416,1.0
-3.286108801696086,-3.4876930260051635,1.0
-3.225306164596454,-2.2518286469089492,1.0
-2.6655539934653807,-3.556024807673623,1.0
-1.9815125849679085,-4.045108988727508,1.0
-2.6009505384896636,-1.971237989421301,1.0
-1.398143432023451,-2.2221357133956268,1.0
-4.224774901104933,-2.7294947740966653,1.0
-3.8253069747034054,-3.62489890185594,1.0
-4.614812072362505,-5.2417963810803165,1.0
-3.3882993523461415,-0.9963451187065155,1.0
-1.4882280517209519,-0.9121326816474018,1.0
-2.427391376050538,-2.8684699333862893,1.0
-2.2707985708802747,-2.8518729977685253,1.0
-2.7058322962241106,-3.706019335917299,1.0
